id,"KeyExchangeServer.KeyExchangeServer(a,b,c)",KeyExchangeServer.KeyExchangeServer(),KeyExchangeServer.KeyExchangeServer(a),KeyExchangeServer.getModules(),KeyExchangeServer.getGenerator(),KeyExchangeServer.getPublicKey(),KeyExchangeServer.generateMasterSecret(a),"ModPow.modPow(a,b,c)","BigInteger.multiply(a,b)","BigInteger.add(a,b)",BigInteger.shiftLeft(a),"OptimizedMultiplier.standardMultiply(a,b)",BigInteger.shiftRight(a),OptimizedMultiplier.fastMultiply,"BigInteger.subtract(a,b)",OptimizedMultiplierHelper0.OptimizedMultiplierHelper0(a),OptimizedMultiplierHelper0.getValue(),OptimizedMultiplierHelper1.OptimizedMultiplierHelper1(a),OptimizedMultiplierHelper1.getValue(),weight,label
1.0,0.0,0.0,0.0,0.0,0.0,0.0,1.0,1.0,3064.0,9385032.0,9385032.0,3063.0,0.0,3063.0,0.0,3063.0,3063.0,3063.0,3063.0,100.0,5.0
2.0,0.0,0.0,0.0,0.0,0.0,0.0,1.0,1.0,3064.0,9320688.0,9320688.0,3042.0,0.0,3042.0,0.0,3042.0,3042.0,3042.0,3042.0,100.0,5.0
3.0,0.0,0.0,0.0,0.0,0.0,0.0,1.0,1.0,3064.0,9290048.0,9290048.0,3032.0,0.0,3032.0,0.0,3032.0,3032.0,3032.0,3032.0,100.0,5.0
4.0,0.0,0.0,0.0,0.0,0.0,0.0,1.0,1.0,3064.0,9277792.0,9277792.0,3028.0,0.0,3028.0,0.0,3028.0,3028.0,3028.0,3028.0,100.0,5.0
5.0,0.0,0.0,0.0,0.0,0.0,0.0,1.0,1.0,3064.0,9244088.0,9244088.0,3017.0,0.0,3017.0,0.0,3017.0,3017.0,3017.0,3017.0,100.0,5.0
6.0,0.0,0.0,0.0,0.0,0.0,0.0,1.0,1.0,3064.0,9234896.0,9234896.0,3014.0,0.0,3014.0,0.0,3014.0,3014.0,3014.0,3014.0,100.0,5.0
7.0,0.0,0.0,0.0,0.0,0.0,0.0,1.0,1.0,3064.0,9185872.0,9185872.0,2998.0,0.0,2998.0,0.0,2998.0,2998.0,2998.0,2998.0,100.0,5.0
8.0,0.0,0.0,0.0,0.0,0.0,0.0,1.0,1.0,3064.0,9167488.0,9167488.0,2992.0,0.0,2992.0,0.0,2992.0,2992.0,2992.0,2992.0,100.0,5.0
9.0,0.0,0.0,0.0,0.0,0.0,0.0,1.0,1.0,3064.0,9161360.0,9161360.0,2990.0,0.0,2990.0,0.0,2990.0,2990.0,2990.0,2990.0,100.0,5.0
10.0,0.0,0.0,0.0,0.0,0.0,0.0,1.0,1.0,3064.0,9139912.0,9139912.0,2983.0,0.0,2983.0,0.0,2983.0,2983.0,2983.0,2983.0,100.0,5.0
11.0,0.0,0.0,0.0,0.0,0.0,0.0,1.0,1.0,3064.0,9112336.0,9112336.0,2974.0,0.0,2974.0,0.0,2974.0,2974.0,2974.0,2974.0,100.0,5.0
12.0,0.0,0.0,0.0,0.0,0.0,0.0,1.0,1.0,3064.0,9038800.0,9038800.0,2950.0,0.0,2950.0,0.0,2950.0,2950.0,2950.0,2950.0,100.0,5.0
13.0,0.0,0.0,0.0,0.0,0.0,0.0,1.0,1.0,3064.0,9026544.0,9026544.0,2946.0,0.0,2946.0,0.0,2946.0,2946.0,2946.0,2946.0,100.0,5.0
14.0,0.0,0.0,0.0,0.0,0.0,0.0,1.0,1.0,3064.0,9023480.0,9023480.0,2945.0,0.0,2945.0,0.0,2945.0,2945.0,2945.0,2945.0,100.0,5.0
15.0,0.0,0.0,0.0,0.0,0.0,0.0,1.0,1.0,3064.0,9008160.0,9008160.0,2940.0,0.0,2940.0,0.0,2940.0,2940.0,2940.0,2940.0,100.0,5.0
16.0,0.0,0.0,0.0,0.0,0.0,0.0,1.0,1.0,3064.0,8953008.0,8953008.0,2922.0,0.0,2922.0,0.0,2922.0,2922.0,2922.0,2922.0,100.0,5.0
17.0,0.0,0.0,0.0,0.0,0.0,0.0,1.0,1.0,3064.0,8870280.0,8870280.0,2895.0,0.0,2895.0,0.0,2895.0,2895.0,2895.0,2895.0,100.0,5.0
18.0,0.0,0.0,0.0,0.0,0.0,0.0,1.0,1.0,3064.0,8864152.0,8864152.0,2893.0,0.0,2893.0,0.0,2893.0,2893.0,2893.0,2893.0,100.0,5.0
19.0,0.0,0.0,0.0,0.0,0.0,0.0,1.0,1.0,3064.0,8864152.0,8864152.0,2893.0,0.0,2893.0,0.0,2893.0,2893.0,2893.0,2893.0,100.0,5.0
20.0,0.0,0.0,0.0,0.0,0.0,0.0,1.0,1.0,3064.0,8839640.0,8839640.0,2885.0,0.0,2885.0,0.0,2885.0,2885.0,2885.0,2885.0,100.0,5.0
21.0,0.0,0.0,0.0,0.0,0.0,0.0,1.0,1.0,3064.0,8836576.0,8836576.0,2884.0,0.0,2884.0,0.0,2884.0,2884.0,2884.0,2884.0,100.0,5.0
22.0,0.0,0.0,0.0,0.0,0.0,0.0,1.0,1.0,3064.0,8824320.0,8824320.0,2880.0,0.0,2880.0,0.0,2880.0,2880.0,2880.0,2880.0,100.0,5.0
23.0,0.0,0.0,0.0,0.0,0.0,0.0,1.0,1.0,3064.0,8815128.0,8815128.0,2877.0,0.0,2877.0,0.0,2877.0,2877.0,2877.0,2877.0,100.0,5.0
24.0,0.0,0.0,0.0,0.0,0.0,0.0,1.0,1.0,3063.0,8799808.0,8799808.0,2872.0,0.0,2872.0,0.0,2872.0,2872.0,2872.0,2872.0,100.0,5.0
25.0,0.0,0.0,0.0,0.0,0.0,0.0,1.0,1.0,3064.0,8796744.0,8796744.0,2871.0,0.0,2871.0,0.0,2871.0,2871.0,2871.0,2871.0,100.0,5.0
26.0,0.0,0.0,0.0,0.0,0.0,0.0,1.0,1.0,3064.0,8729336.0,8729336.0,2849.0,0.0,2849.0,0.0,2849.0,2849.0,2849.0,2849.0,100.0,5.0
27.0,0.0,0.0,0.0,0.0,0.0,0.0,1.0,1.0,3064.0,8717080.0,8717080.0,2845.0,0.0,2845.0,0.0,2845.0,2845.0,2845.0,2845.0,100.0,5.0
28.0,0.0,0.0,0.0,0.0,0.0,0.0,1.0,1.0,3064.0,8603712.0,8603712.0,2808.0,0.0,2808.0,0.0,2808.0,2808.0,2808.0,2808.0,100.0,5.0
29.0,0.0,0.0,0.0,0.0,0.0,0.0,1.0,1.0,3064.0,8585328.0,8585328.0,2802.0,0.0,2802.0,0.0,2802.0,2802.0,2802.0,2802.0,100.0,5.0
30.0,0.0,0.0,0.0,0.0,0.0,0.0,1.0,1.0,3064.0,8582264.0,8582264.0,2801.0,0.0,2801.0,0.0,2801.0,2801.0,2801.0,2801.0,100.0,5.0
31.0,0.0,0.0,0.0,0.0,0.0,0.0,1.0,1.0,3064.0,8570008.0,8570008.0,2797.0,0.0,2797.0,0.0,2797.0,2797.0,2797.0,2797.0,100.0,5.0
32.0,0.0,0.0,0.0,0.0,0.0,0.0,1.0,1.0,3064.0,8548560.0,8548560.0,2790.0,0.0,2790.0,0.0,2790.0,2790.0,2790.0,2790.0,100.0,5.0
33.0,0.0,0.0,0.0,0.0,0.0,0.0,1.0,1.0,3064.0,8536304.0,8536304.0,2786.0,0.0,2786.0,0.0,2786.0,2786.0,2786.0,2786.0,100.0,5.0
34.0,0.0,0.0,0.0,0.0,0.0,0.0,1.0,1.0,3064.0,8508728.0,8508728.0,2777.0,0.0,2777.0,0.0,2777.0,2777.0,2777.0,2777.0,100.0,5.0
35.0,0.0,0.0,0.0,0.0,0.0,0.0,1.0,1.0,3064.0,8478088.0,8478088.0,2767.0,0.0,2767.0,0.0,2767.0,2767.0,2767.0,2767.0,100.0,5.0
36.0,0.0,0.0,0.0,0.0,0.0,0.0,1.0,1.0,3064.0,8419872.0,8419872.0,2748.0,0.0,2748.0,0.0,2748.0,2748.0,2748.0,2748.0,2.0,4.0
36.0,0.0,0.0,0.0,0.0,0.0,0.0,1.0,1.0,3064.0,8419872.0,8419872.0,2748.0,0.0,2748.0,0.0,2748.0,2748.0,2748.0,2748.0,98.0,5.0
37.0,0.0,0.0,0.0,0.0,0.0,0.0,1.0,1.0,3064.0,8386168.0,8386168.0,2737.0,0.0,2737.0,0.0,2737.0,2737.0,2737.0,2737.0,100.0,5.0
38.0,0.0,0.0,0.0,0.0,0.0,0.0,1.0,1.0,3064.0,8349400.0,8349400.0,2725.0,0.0,2725.0,0.0,2725.0,2725.0,2725.0,2725.0,4.0,4.0
38.0,0.0,0.0,0.0,0.0,0.0,0.0,1.0,1.0,3064.0,8349400.0,8349400.0,2725.0,0.0,2725.0,0.0,2725.0,2725.0,2725.0,2725.0,96.0,5.0
39.0,0.0,0.0,0.0,0.0,0.0,0.0,1.0,1.0,3064.0,8346336.0,8346336.0,2724.0,0.0,2724.0,0.0,2724.0,2724.0,2724.0,2724.0,100.0,5.0
40.0,0.0,0.0,0.0,0.0,0.0,0.0,1.0,1.0,3062.0,8297312.0,8297312.0,2708.0,0.0,2708.0,0.0,2708.0,2708.0,2708.0,2708.0,100.0,5.0
41.0,0.0,0.0,0.0,0.0,0.0,0.0,1.0,1.0,3064.0,8288120.0,8288120.0,2705.0,0.0,2705.0,0.0,2705.0,2705.0,2705.0,2705.0,100.0,5.0
42.0,0.0,0.0,0.0,0.0,0.0,0.0,1.0,1.0,3064.0,8281992.0,8281992.0,2703.0,0.0,2703.0,0.0,2703.0,2703.0,2703.0,2703.0,2.0,4.0
42.0,0.0,0.0,0.0,0.0,0.0,0.0,1.0,1.0,3064.0,8281992.0,8281992.0,2703.0,0.0,2703.0,0.0,2703.0,2703.0,2703.0,2703.0,98.0,5.0
43.0,0.0,0.0,0.0,0.0,0.0,0.0,1.0,1.0,3064.0,8281992.0,8281992.0,2703.0,0.0,2703.0,0.0,2703.0,2703.0,2703.0,2703.0,1.0,4.0
43.0,0.0,0.0,0.0,0.0,0.0,0.0,1.0,1.0,3064.0,8281992.0,8281992.0,2703.0,0.0,2703.0,0.0,2703.0,2703.0,2703.0,2703.0,99.0,5.0
44.0,0.0,0.0,0.0,0.0,0.0,0.0,1.0,1.0,3064.0,8278928.0,8278928.0,2702.0,0.0,2702.0,0.0,2702.0,2702.0,2702.0,2702.0,100.0,5.0
45.0,0.0,0.0,0.0,0.0,0.0,0.0,1.0,1.0,3064.0,8187008.0,8187008.0,2672.0,0.0,2672.0,0.0,2672.0,2672.0,2672.0,2672.0,100.0,5.0
46.0,0.0,0.0,0.0,0.0,0.0,0.0,1.0,1.0,3064.0,8177816.0,8177816.0,2669.0,0.0,2669.0,0.0,2669.0,2669.0,2669.0,2669.0,4.0,4.0
46.0,0.0,0.0,0.0,0.0,0.0,0.0,1.0,1.0,3064.0,8177816.0,8177816.0,2669.0,0.0,2669.0,0.0,2669.0,2669.0,2669.0,2669.0,96.0,5.0
47.0,0.0,0.0,0.0,0.0,0.0,0.0,1.0,1.0,3064.0,8150240.0,8150240.0,2660.0,0.0,2660.0,0.0,2660.0,2660.0,2660.0,2660.0,10.0,4.0
47.0,0.0,0.0,0.0,0.0,0.0,0.0,1.0,1.0,3064.0,8150240.0,8150240.0,2660.0,0.0,2660.0,0.0,2660.0,2660.0,2660.0,2660.0,90.0,5.0
48.0,0.0,0.0,0.0,0.0,0.0,0.0,1.0,1.0,3060.0,8147176.0,8147176.0,2659.0,0.0,2659.0,0.0,2659.0,2659.0,2659.0,2659.0,11.0,4.0
48.0,0.0,0.0,0.0,0.0,0.0,0.0,1.0,1.0,3060.0,8147176.0,8147176.0,2659.0,0.0,2659.0,0.0,2659.0,2659.0,2659.0,2659.0,89.0,5.0
49.0,0.0,0.0,0.0,0.0,0.0,0.0,1.0,1.0,3064.0,8137984.0,8137984.0,2656.0,0.0,2656.0,0.0,2656.0,2656.0,2656.0,2656.0,2.0,4.0
49.0,0.0,0.0,0.0,0.0,0.0,0.0,1.0,1.0,3064.0,8137984.0,8137984.0,2656.0,0.0,2656.0,0.0,2656.0,2656.0,2656.0,2656.0,98.0,5.0
50.0,0.0,0.0,0.0,0.0,0.0,0.0,1.0,1.0,3064.0,8119600.0,8119600.0,2650.0,0.0,2650.0,0.0,2650.0,2650.0,2650.0,2650.0,11.0,4.0
50.0,0.0,0.0,0.0,0.0,0.0,0.0,1.0,1.0,3064.0,8119600.0,8119600.0,2650.0,0.0,2650.0,0.0,2650.0,2650.0,2650.0,2650.0,89.0,5.0
51.0,0.0,0.0,0.0,0.0,0.0,0.0,1.0,1.0,3064.0,8095088.0,8095088.0,2642.0,0.0,2642.0,0.0,2642.0,2642.0,2642.0,2642.0,28.000000000000004,4.0
51.0,0.0,0.0,0.0,0.0,0.0,0.0,1.0,1.0,3064.0,8095088.0,8095088.0,2642.0,0.0,2642.0,0.0,2642.0,2642.0,2642.0,2642.0,72.0,5.0
52.0,0.0,0.0,0.0,0.0,0.0,0.0,1.0,1.0,3064.0,8012360.0,8012360.0,2615.0,0.0,2615.0,0.0,2615.0,2615.0,2615.0,2615.0,44.0,4.0
52.0,0.0,0.0,0.0,0.0,0.0,0.0,1.0,1.0,3064.0,8012360.0,8012360.0,2615.0,0.0,2615.0,0.0,2615.0,2615.0,2615.0,2615.0,56.00000000000001,5.0
53.0,0.0,0.0,0.0,0.0,0.0,0.0,1.0,1.0,3064.0,8003168.0,8003168.0,2612.0,0.0,2612.0,0.0,2612.0,2612.0,2612.0,2612.0,57.99999999999999,4.0
53.0,0.0,0.0,0.0,0.0,0.0,0.0,1.0,1.0,3064.0,8003168.0,8003168.0,2612.0,0.0,2612.0,0.0,2612.0,2612.0,2612.0,2612.0,42.0,5.0
54.0,0.0,0.0,0.0,0.0,0.0,0.0,1.0,1.0,3064.0,7987848.0,7987848.0,2607.0,0.0,2607.0,0.0,2607.0,2607.0,2607.0,2607.0,77.0,4.0
54.0,0.0,0.0,0.0,0.0,0.0,0.0,1.0,1.0,3064.0,7987848.0,7987848.0,2607.0,0.0,2607.0,0.0,2607.0,2607.0,2607.0,2607.0,23.0,5.0
55.0,0.0,0.0,0.0,0.0,0.0,0.0,1.0,1.0,3064.0,7935760.0,7935760.0,2590.0,0.0,2590.0,0.0,2590.0,2590.0,2590.0,2590.0,93.0,4.0
55.0,0.0,0.0,0.0,0.0,0.0,0.0,1.0,1.0,3064.0,7935760.0,7935760.0,2590.0,0.0,2590.0,0.0,2590.0,2590.0,2590.0,2590.0,7.000000000000001,5.0
56.0,0.0,0.0,0.0,0.0,0.0,0.0,1.0,1.0,3064.0,7914312.0,7914312.0,2583.0,0.0,2583.0,0.0,2583.0,2583.0,2583.0,2583.0,63.0,4.0
56.0,0.0,0.0,0.0,0.0,0.0,0.0,1.0,1.0,3064.0,7914312.0,7914312.0,2583.0,0.0,2583.0,0.0,2583.0,2583.0,2583.0,2583.0,37.0,5.0
57.0,0.0,0.0,0.0,0.0,0.0,0.0,1.0,1.0,3063.0,7886736.0,7886736.0,2574.0,0.0,2574.0,0.0,2574.0,2574.0,2574.0,2574.0,77.0,4.0
57.0,0.0,0.0,0.0,0.0,0.0,0.0,1.0,1.0,3063.0,7886736.0,7886736.0,2574.0,0.0,2574.0,0.0,2574.0,2574.0,2574.0,2574.0,23.0,5.0
58.0,0.0,0.0,0.0,0.0,0.0,0.0,1.0,1.0,3064.0,7819328.0,7819328.0,2552.0,0.0,2552.0,0.0,2552.0,2552.0,2552.0,2552.0,100.0,4.0
59.0,0.0,0.0,0.0,0.0,0.0,0.0,1.0,1.0,3062.0,7810136.0,7810136.0,2549.0,0.0,2549.0,0.0,2549.0,2549.0,2549.0,2549.0,98.0,4.0
59.0,0.0,0.0,0.0,0.0,0.0,0.0,1.0,1.0,3062.0,7810136.0,7810136.0,2549.0,0.0,2549.0,0.0,2549.0,2549.0,2549.0,2549.0,2.0,5.0
60.0,0.0,0.0,0.0,0.0,0.0,0.0,1.0,1.0,3064.0,7800944.0,7800944.0,2546.0,0.0,2546.0,0.0,2546.0,2546.0,2546.0,2546.0,99.0,4.0
60.0,0.0,0.0,0.0,0.0,0.0,0.0,1.0,1.0,3064.0,7800944.0,7800944.0,2546.0,0.0,2546.0,0.0,2546.0,2546.0,2546.0,2546.0,1.0,5.0
61.0,0.0,0.0,0.0,0.0,0.0,0.0,1.0,1.0,3064.0,7791752.0,7791752.0,2543.0,0.0,2543.0,0.0,2543.0,2543.0,2543.0,2543.0,86.0,4.0
61.0,0.0,0.0,0.0,0.0,0.0,0.0,1.0,1.0,3064.0,7791752.0,7791752.0,2543.0,0.0,2543.0,0.0,2543.0,2543.0,2543.0,2543.0,14.000000000000002,5.0
62.0,0.0,0.0,0.0,0.0,0.0,0.0,1.0,1.0,3064.0,7782560.0,7782560.0,2540.0,0.0,2540.0,0.0,2540.0,2540.0,2540.0,2540.0,100.0,4.0
63.0,0.0,0.0,0.0,0.0,0.0,0.0,1.0,1.0,3064.0,7761112.0,7761112.0,2533.0,0.0,2533.0,0.0,2533.0,2533.0,2533.0,2533.0,100.0,4.0
64.0,0.0,0.0,0.0,0.0,0.0,0.0,1.0,1.0,3064.0,7754984.0,7754984.0,2531.0,0.0,2531.0,0.0,2531.0,2531.0,2531.0,2531.0,66.0,4.0
64.0,0.0,0.0,0.0,0.0,0.0,0.0,1.0,1.0,3064.0,7754984.0,7754984.0,2531.0,0.0,2531.0,0.0,2531.0,2531.0,2531.0,2531.0,34.0,5.0
65.0,0.0,0.0,0.0,0.0,0.0,0.0,1.0,1.0,3064.0,7748856.0,7748856.0,2529.0,0.0,2529.0,0.0,2529.0,2529.0,2529.0,2529.0,100.0,4.0
66.0,0.0,0.0,0.0,0.0,0.0,0.0,1.0,1.0,3063.0,7730472.0,7730472.0,2523.0,0.0,2523.0,0.0,2523.0,2523.0,2523.0,2523.0,100.0,4.0
67.0,0.0,0.0,0.0,0.0,0.0,0.0,1.0,1.0,3064.0,7721280.0,7721280.0,2520.0,0.0,2520.0,0.0,2520.0,2520.0,2520.0,2520.0,94.0,4.0
67.0,0.0,0.0,0.0,0.0,0.0,0.0,1.0,1.0,3064.0,7721280.0,7721280.0,2520.0,0.0,2520.0,0.0,2520.0,2520.0,2520.0,2520.0,6.0,5.0
68.0,0.0,0.0,0.0,0.0,0.0,0.0,1.0,1.0,3064.0,7712088.0,7712088.0,2517.0,0.0,2517.0,0.0,2517.0,2517.0,2517.0,2517.0,97.0,4.0
68.0,0.0,0.0,0.0,0.0,0.0,0.0,1.0,1.0,3064.0,7712088.0,7712088.0,2517.0,0.0,2517.0,0.0,2517.0,2517.0,2517.0,2517.0,3.0,5.0
69.0,0.0,0.0,0.0,0.0,0.0,0.0,1.0,1.0,3064.0,7656936.0,7656936.0,2499.0,0.0,2499.0,0.0,2499.0,2499.0,2499.0,2499.0,98.0,4.0
69.0,0.0,0.0,0.0,0.0,0.0,0.0,1.0,1.0,3064.0,7656936.0,7656936.0,2499.0,0.0,2499.0,0.0,2499.0,2499.0,2499.0,2499.0,2.0,5.0
70.0,0.0,0.0,0.0,0.0,0.0,0.0,1.0,1.0,3064.0,7620168.0,7620168.0,2487.0,0.0,2487.0,0.0,2487.0,2487.0,2487.0,2487.0,100.0,4.0
71.0,0.0,0.0,0.0,0.0,0.0,0.0,1.0,1.0,3064.0,7601784.0,7601784.0,2481.0,0.0,2481.0,0.0,2481.0,2481.0,2481.0,2481.0,100.0,4.0
72.0,0.0,0.0,0.0,0.0,0.0,0.0,1.0,1.0,3063.0,7595656.0,7595656.0,2479.0,0.0,2479.0,0.0,2479.0,2479.0,2479.0,2479.0,99.0,4.0
72.0,0.0,0.0,0.0,0.0,0.0,0.0,1.0,1.0,3063.0,7595656.0,7595656.0,2479.0,0.0,2479.0,0.0,2479.0,2479.0,2479.0,2479.0,1.0,5.0
73.0,0.0,0.0,0.0,0.0,0.0,0.0,1.0,1.0,3063.0,7589528.0,7589528.0,2477.0,0.0,2477.0,0.0,2477.0,2477.0,2477.0,2477.0,100.0,4.0
74.0,0.0,0.0,0.0,0.0,0.0,0.0,1.0,1.0,3064.0,7577272.0,7577272.0,2473.0,0.0,2473.0,0.0,2473.0,2473.0,2473.0,2473.0,100.0,4.0
75.0,0.0,0.0,0.0,0.0,0.0,0.0,1.0,1.0,3064.0,7540504.0,7540504.0,2461.0,0.0,2461.0,0.0,2461.0,2461.0,2461.0,2461.0,97.0,4.0
75.0,0.0,0.0,0.0,0.0,0.0,0.0,1.0,1.0,3064.0,7540504.0,7540504.0,2461.0,0.0,2461.0,0.0,2461.0,2461.0,2461.0,2461.0,3.0,5.0
76.0,0.0,0.0,0.0,0.0,0.0,0.0,1.0,1.0,3064.0,7534376.0,7534376.0,2459.0,0.0,2459.0,0.0,2459.0,2459.0,2459.0,2459.0,100.0,4.0
77.0,0.0,0.0,0.0,0.0,0.0,0.0,1.0,1.0,3064.0,7528248.0,7528248.0,2457.0,0.0,2457.0,0.0,2457.0,2457.0,2457.0,2457.0,100.0,4.0
78.0,0.0,0.0,0.0,0.0,0.0,0.0,1.0,1.0,3064.0,7485352.0,7485352.0,2443.0,0.0,2443.0,0.0,2443.0,2443.0,2443.0,2443.0,100.0,4.0
79.0,0.0,0.0,0.0,0.0,0.0,0.0,1.0,1.0,3063.0,7476160.0,7476160.0,2440.0,0.0,2440.0,0.0,2440.0,2440.0,2440.0,2440.0,100.0,4.0
80.0,0.0,0.0,0.0,0.0,0.0,0.0,1.0,1.0,3064.0,7359728.0,7359728.0,2402.0,0.0,2402.0,0.0,2402.0,2402.0,2402.0,2402.0,100.0,4.0
81.0,0.0,0.0,0.0,0.0,0.0,0.0,1.0,1.0,3064.0,7341344.0,7341344.0,2396.0,0.0,2396.0,0.0,2396.0,2396.0,2396.0,2396.0,100.0,4.0
82.0,0.0,0.0,0.0,0.0,0.0,0.0,1.0,1.0,3064.0,7304576.0,7304576.0,2384.0,0.0,2384.0,0.0,2384.0,2384.0,2384.0,2384.0,100.0,4.0
83.0,0.0,0.0,0.0,0.0,0.0,0.0,1.0,1.0,3064.0,7283128.0,7283128.0,2377.0,0.0,2377.0,0.0,2377.0,2377.0,2377.0,2377.0,100.0,4.0
84.0,0.0,0.0,0.0,0.0,0.0,0.0,1.0,1.0,3064.0,7234104.0,7234104.0,2361.0,0.0,2361.0,0.0,2361.0,2361.0,2361.0,2361.0,100.0,4.0
85.0,0.0,0.0,0.0,0.0,0.0,0.0,1.0,1.0,3064.0,7218784.0,7218784.0,2356.0,0.0,2356.0,0.0,2356.0,2356.0,2356.0,2356.0,100.0,4.0
86.0,0.0,0.0,0.0,0.0,0.0,0.0,1.0,1.0,3064.0,7215720.0,7215720.0,2355.0,0.0,2355.0,0.0,2355.0,2355.0,2355.0,2355.0,100.0,4.0
87.0,0.0,0.0,0.0,0.0,0.0,0.0,1.0,1.0,3060.0,7182016.0,7182016.0,2344.0,0.0,2344.0,0.0,2344.0,2344.0,2344.0,2344.0,100.0,4.0
88.0,0.0,0.0,0.0,0.0,0.0,0.0,1.0,1.0,3064.0,7166696.0,7166696.0,2339.0,0.0,2339.0,0.0,2339.0,2339.0,2339.0,2339.0,100.0,4.0
89.0,0.0,0.0,0.0,0.0,0.0,0.0,1.0,1.0,3064.0,7071712.0,7071712.0,2308.0,0.0,2308.0,0.0,2308.0,2308.0,2308.0,2308.0,100.0,4.0
90.0,0.0,0.0,0.0,0.0,0.0,0.0,1.0,1.0,3064.0,7071712.0,7071712.0,2308.0,0.0,2308.0,0.0,2308.0,2308.0,2308.0,2308.0,100.0,4.0
91.0,0.0,0.0,0.0,0.0,0.0,0.0,1.0,1.0,3064.0,7016560.0,7016560.0,2290.0,0.0,2290.0,0.0,2290.0,2290.0,2290.0,2290.0,100.0,4.0
92.0,0.0,0.0,0.0,0.0,0.0,0.0,1.0,1.0,3064.0,7007368.0,7007368.0,2287.0,0.0,2287.0,0.0,2287.0,2287.0,2287.0,2287.0,100.0,4.0
93.0,0.0,0.0,0.0,0.0,0.0,0.0,1.0,1.0,3063.0,6955280.0,6955280.0,2270.0,0.0,2270.0,0.0,2270.0,2270.0,2270.0,2270.0,100.0,4.0
94.0,0.0,0.0,0.0,0.0,0.0,0.0,1.0,1.0,3064.0,6933832.0,6933832.0,2263.0,0.0,2263.0,0.0,2263.0,2263.0,2263.0,2263.0,100.0,4.0
95.0,0.0,0.0,0.0,0.0,0.0,0.0,1.0,1.0,3060.0,6890936.0,6890936.0,2249.0,0.0,2249.0,0.0,2249.0,2249.0,2249.0,2249.0,1.0,3.0
95.0,0.0,0.0,0.0,0.0,0.0,0.0,1.0,1.0,3060.0,6890936.0,6890936.0,2249.0,0.0,2249.0,0.0,2249.0,2249.0,2249.0,2249.0,99.0,4.0
96.0,0.0,0.0,0.0,0.0,0.0,0.0,1.0,1.0,3064.0,6887872.0,6887872.0,2248.0,0.0,2248.0,0.0,2248.0,2248.0,2248.0,2248.0,100.0,4.0
97.0,0.0,0.0,0.0,0.0,0.0,0.0,1.0,1.0,3064.0,6860296.0,6860296.0,2239.0,0.0,2239.0,0.0,2239.0,2239.0,2239.0,2239.0,100.0,4.0
98.0,0.0,0.0,0.0,0.0,0.0,0.0,1.0,1.0,3064.0,6854168.0,6854168.0,2237.0,0.0,2237.0,0.0,2237.0,2237.0,2237.0,2237.0,100.0,4.0
99.0,0.0,0.0,0.0,0.0,0.0,0.0,1.0,1.0,3064.0,6854168.0,6854168.0,2237.0,0.0,2237.0,0.0,2237.0,2237.0,2237.0,2237.0,100.0,4.0
100.0,0.0,0.0,0.0,0.0,0.0,0.0,1.0,1.0,3061.0,6792888.0,6792888.0,2217.0,0.0,2217.0,0.0,2217.0,2217.0,2217.0,2217.0,100.0,4.0
101.0,0.0,0.0,0.0,0.0,0.0,0.0,1.0,1.0,3062.0,6731608.0,6731608.0,2197.0,0.0,2197.0,0.0,2197.0,2197.0,2197.0,2197.0,100.0,4.0
102.0,0.0,0.0,0.0,0.0,0.0,0.0,1.0,1.0,3064.0,6719352.0,6719352.0,2193.0,0.0,2193.0,0.0,2193.0,2193.0,2193.0,2193.0,100.0,4.0
103.0,0.0,0.0,0.0,0.0,0.0,0.0,1.0,1.0,3064.0,6655008.0,6655008.0,2172.0,0.0,2172.0,0.0,2172.0,2172.0,2172.0,2172.0,100.0,4.0
104.0,0.0,0.0,0.0,0.0,0.0,0.0,1.0,1.0,3064.0,6639688.0,6639688.0,2167.0,0.0,2167.0,0.0,2167.0,2167.0,2167.0,2167.0,11.0,3.0
104.0,0.0,0.0,0.0,0.0,0.0,0.0,1.0,1.0,3064.0,6639688.0,6639688.0,2167.0,0.0,2167.0,0.0,2167.0,2167.0,2167.0,2167.0,89.0,4.0
105.0,0.0,0.0,0.0,0.0,0.0,0.0,1.0,1.0,3064.0,6624368.0,6624368.0,2162.0,0.0,2162.0,0.0,2162.0,2162.0,2162.0,2162.0,2.0,3.0
105.0,0.0,0.0,0.0,0.0,0.0,0.0,1.0,1.0,3064.0,6624368.0,6624368.0,2162.0,0.0,2162.0,0.0,2162.0,2162.0,2162.0,2162.0,98.0,4.0
106.0,0.0,0.0,0.0,0.0,0.0,0.0,1.0,1.0,3064.0,6621304.0,6621304.0,2161.0,0.0,2161.0,0.0,2161.0,2161.0,2161.0,2161.0,8.0,3.0
106.0,0.0,0.0,0.0,0.0,0.0,0.0,1.0,1.0,3064.0,6621304.0,6621304.0,2161.0,0.0,2161.0,0.0,2161.0,2161.0,2161.0,2161.0,92.0,4.0
107.0,0.0,0.0,0.0,0.0,0.0,0.0,1.0,1.0,3064.0,6615176.0,6615176.0,2159.0,0.0,2159.0,0.0,2159.0,2159.0,2159.0,2159.0,8.0,3.0
107.0,0.0,0.0,0.0,0.0,0.0,0.0,1.0,1.0,3064.0,6615176.0,6615176.0,2159.0,0.0,2159.0,0.0,2159.0,2159.0,2159.0,2159.0,92.0,4.0
108.0,0.0,0.0,0.0,0.0,0.0,0.0,1.0,1.0,3063.0,6544704.0,6544704.0,2136.0,0.0,2136.0,0.0,2136.0,2136.0,2136.0,2136.0,16.0,3.0
108.0,0.0,0.0,0.0,0.0,0.0,0.0,1.0,1.0,3063.0,6544704.0,6544704.0,2136.0,0.0,2136.0,0.0,2136.0,2136.0,2136.0,2136.0,84.0,4.0
109.0,0.0,0.0,0.0,0.0,0.0,0.0,1.0,1.0,3064.0,6523256.0,6523256.0,2129.0,0.0,2129.0,0.0,2129.0,2129.0,2129.0,2129.0,24.0,3.0
109.0,0.0,0.0,0.0,0.0,0.0,0.0,1.0,1.0,3064.0,6523256.0,6523256.0,2129.0,0.0,2129.0,0.0,2129.0,2129.0,2129.0,2129.0,76.0,4.0
110.0,0.0,0.0,0.0,0.0,0.0,0.0,1.0,1.0,3064.0,6507936.0,6507936.0,2124.0,0.0,2124.0,0.0,2124.0,2124.0,2124.0,2124.0,27.0,3.0
110.0,0.0,0.0,0.0,0.0,0.0,0.0,1.0,1.0,3064.0,6507936.0,6507936.0,2124.0,0.0,2124.0,0.0,2124.0,2124.0,2124.0,2124.0,73.0,4.0
111.0,0.0,0.0,0.0,0.0,0.0,0.0,1.0,1.0,3064.0,6498744.0,6498744.0,2121.0,0.0,2121.0,0.0,2121.0,2121.0,2121.0,2121.0,46.0,3.0
111.0,0.0,0.0,0.0,0.0,0.0,0.0,1.0,1.0,3064.0,6498744.0,6498744.0,2121.0,0.0,2121.0,0.0,2121.0,2121.0,2121.0,2121.0,54.0,4.0
112.0,0.0,0.0,0.0,0.0,0.0,0.0,1.0,1.0,3063.0,6477296.0,6477296.0,2114.0,0.0,2114.0,0.0,2114.0,2114.0,2114.0,2114.0,28.000000000000004,3.0
112.0,0.0,0.0,0.0,0.0,0.0,0.0,1.0,1.0,3063.0,6477296.0,6477296.0,2114.0,0.0,2114.0,0.0,2114.0,2114.0,2114.0,2114.0,72.0,4.0
113.0,0.0,0.0,0.0,0.0,0.0,0.0,1.0,1.0,3063.0,6471168.0,6471168.0,2112.0,0.0,2112.0,0.0,2112.0,2112.0,2112.0,2112.0,30.0,3.0
113.0,0.0,0.0,0.0,0.0,0.0,0.0,1.0,1.0,3063.0,6471168.0,6471168.0,2112.0,0.0,2112.0,0.0,2112.0,2112.0,2112.0,2112.0,70.0,4.0
114.0,0.0,0.0,0.0,0.0,0.0,0.0,1.0,1.0,3064.0,6468104.0,6468104.0,2111.0,0.0,2111.0,0.0,2111.0,2111.0,2111.0,2111.0,14.000000000000002,3.0
114.0,0.0,0.0,0.0,0.0,0.0,0.0,1.0,1.0,3064.0,6468104.0,6468104.0,2111.0,0.0,2111.0,0.0,2111.0,2111.0,2111.0,2111.0,86.0,4.0
115.0,0.0,0.0,0.0,0.0,0.0,0.0,1.0,1.0,3064.0,6437464.0,6437464.0,2101.0,0.0,2101.0,0.0,2101.0,2101.0,2101.0,2101.0,72.0,3.0
115.0,0.0,0.0,0.0,0.0,0.0,0.0,1.0,1.0,3064.0,6437464.0,6437464.0,2101.0,0.0,2101.0,0.0,2101.0,2101.0,2101.0,2101.0,28.000000000000004,4.0
116.0,0.0,0.0,0.0,0.0,0.0,0.0,1.0,1.0,3064.0,6385376.0,6385376.0,2084.0,0.0,2084.0,0.0,2084.0,2084.0,2084.0,2084.0,57.99999999999999,3.0
116.0,0.0,0.0,0.0,0.0,0.0,0.0,1.0,1.0,3064.0,6385376.0,6385376.0,2084.0,0.0,2084.0,0.0,2084.0,2084.0,2084.0,2084.0,42.0,4.0
117.0,0.0,0.0,0.0,0.0,0.0,0.0,1.0,1.0,3064.0,6345544.0,6345544.0,2071.0,0.0,2071.0,0.0,2071.0,2071.0,2071.0,2071.0,88.0,3.0
117.0,0.0,0.0,0.0,0.0,0.0,0.0,1.0,1.0,3064.0,6345544.0,6345544.0,2071.0,0.0,2071.0,0.0,2071.0,2071.0,2071.0,2071.0,12.0,4.0
118.0,0.0,0.0,0.0,0.0,0.0,0.0,1.0,1.0,3064.0,6324096.0,6324096.0,2064.0,0.0,2064.0,0.0,2064.0,2064.0,2064.0,2064.0,74.0,3.0
118.0,0.0,0.0,0.0,0.0,0.0,0.0,1.0,1.0,3064.0,6324096.0,6324096.0,2064.0,0.0,2064.0,0.0,2064.0,2064.0,2064.0,2064.0,26.0,4.0
119.0,0.0,0.0,0.0,0.0,0.0,0.0,1.0,1.0,3063.0,6308776.0,6308776.0,2059.0,0.0,2059.0,0.0,2059.0,2059.0,2059.0,2059.0,100.0,3.0
120.0,0.0,0.0,0.0,0.0,0.0,0.0,1.0,1.0,3063.0,6281200.0,6281200.0,2050.0,0.0,2050.0,0.0,2050.0,2050.0,2050.0,2050.0,72.0,3.0
120.0,0.0,0.0,0.0,0.0,0.0,0.0,1.0,1.0,3063.0,6281200.0,6281200.0,2050.0,0.0,2050.0,0.0,2050.0,2050.0,2050.0,2050.0,28.000000000000004,4.0
121.0,0.0,0.0,0.0,0.0,0.0,0.0,1.0,1.0,3063.0,6268944.0,6268944.0,2046.0,0.0,2046.0,0.0,2046.0,2046.0,2046.0,2046.0,100.0,3.0
122.0,0.0,0.0,0.0,0.0,0.0,0.0,1.0,1.0,3063.0,6226048.0,6226048.0,2032.0,0.0,2032.0,0.0,2032.0,2032.0,2032.0,2032.0,92.0,3.0
122.0,0.0,0.0,0.0,0.0,0.0,0.0,1.0,1.0,3063.0,6226048.0,6226048.0,2032.0,0.0,2032.0,0.0,2032.0,2032.0,2032.0,2032.0,8.0,4.0
123.0,0.0,0.0,0.0,0.0,0.0,0.0,1.0,1.0,3064.0,6216856.0,6216856.0,2029.0,0.0,2029.0,0.0,2029.0,2029.0,2029.0,2029.0,89.0,3.0
123.0,0.0,0.0,0.0,0.0,0.0,0.0,1.0,1.0,3064.0,6216856.0,6216856.0,2029.0,0.0,2029.0,0.0,2029.0,2029.0,2029.0,2029.0,11.0,4.0
124.0,0.0,0.0,0.0,0.0,0.0,0.0,1.0,1.0,3064.0,6115744.0,6115744.0,1996.0,0.0,1996.0,0.0,1996.0,1996.0,1996.0,1996.0,98.0,3.0
124.0,0.0,0.0,0.0,0.0,0.0,0.0,1.0,1.0,3064.0,6115744.0,6115744.0,1996.0,0.0,1996.0,0.0,1996.0,1996.0,1996.0,1996.0,2.0,4.0
125.0,0.0,0.0,0.0,0.0,0.0,0.0,1.0,1.0,3062.0,6109616.0,6109616.0,1994.0,0.0,1994.0,0.0,1994.0,1994.0,1994.0,1994.0,100.0,3.0
126.0,0.0,0.0,0.0,0.0,0.0,0.0,1.0,1.0,3064.0,6097360.0,6097360.0,1990.0,0.0,1990.0,0.0,1990.0,1990.0,1990.0,1990.0,100.0,3.0
127.0,0.0,0.0,0.0,0.0,0.0,0.0,1.0,1.0,3064.0,6088168.0,6088168.0,1987.0,0.0,1987.0,0.0,1987.0,1987.0,1987.0,1987.0,100.0,3.0
128.0,0.0,0.0,0.0,0.0,0.0,0.0,1.0,1.0,3064.0,6069784.0,6069784.0,1981.0,0.0,1981.0,0.0,1981.0,1981.0,1981.0,1981.0,100.0,3.0
129.0,0.0,0.0,0.0,0.0,0.0,0.0,1.0,1.0,3063.0,6057528.0,6057528.0,1977.0,0.0,1977.0,0.0,1977.0,1977.0,1977.0,1977.0,100.0,3.0
130.0,0.0,0.0,0.0,0.0,0.0,0.0,1.0,1.0,3064.0,5947224.0,5947224.0,1941.0,0.0,1941.0,0.0,1941.0,1941.0,1941.0,1941.0,100.0,3.0
131.0,0.0,0.0,0.0,0.0,0.0,0.0,1.0,1.0,3064.0,5941096.0,5941096.0,1939.0,0.0,1939.0,0.0,1939.0,1939.0,1939.0,1939.0,100.0,3.0
132.0,0.0,0.0,0.0,0.0,0.0,0.0,1.0,1.0,3064.0,5928840.0,5928840.0,1935.0,0.0,1935.0,0.0,1935.0,1935.0,1935.0,1935.0,100.0,3.0
133.0,0.0,0.0,0.0,0.0,0.0,0.0,1.0,1.0,3062.0,5901264.0,5901264.0,1926.0,0.0,1926.0,0.0,1926.0,1926.0,1926.0,1926.0,99.0,3.0
133.0,0.0,0.0,0.0,0.0,0.0,0.0,1.0,1.0,3062.0,5901264.0,5901264.0,1926.0,0.0,1926.0,0.0,1926.0,1926.0,1926.0,1926.0,1.0,4.0
134.0,0.0,0.0,0.0,0.0,0.0,0.0,1.0,1.0,3064.0,5855304.0,5855304.0,1911.0,0.0,1911.0,0.0,1911.0,1911.0,1911.0,1911.0,100.0,3.0
135.0,0.0,0.0,0.0,0.0,0.0,0.0,1.0,1.0,3064.0,5818536.0,5818536.0,1899.0,0.0,1899.0,0.0,1899.0,1899.0,1899.0,1899.0,100.0,3.0
136.0,0.0,0.0,0.0,0.0,0.0,0.0,1.0,1.0,3064.0,5809344.0,5809344.0,1896.0,0.0,1896.0,0.0,1896.0,1896.0,1896.0,1896.0,100.0,3.0
137.0,0.0,0.0,0.0,0.0,0.0,0.0,1.0,1.0,3063.0,5797088.0,5797088.0,1892.0,0.0,1892.0,0.0,1892.0,1892.0,1892.0,1892.0,100.0,3.0
138.0,0.0,0.0,0.0,0.0,0.0,0.0,1.0,1.0,3064.0,5787896.0,5787896.0,1889.0,0.0,1889.0,0.0,1889.0,1889.0,1889.0,1889.0,100.0,3.0
139.0,0.0,0.0,0.0,0.0,0.0,0.0,1.0,1.0,3064.0,5772576.0,5772576.0,1884.0,0.0,1884.0,0.0,1884.0,1884.0,1884.0,1884.0,100.0,3.0
140.0,0.0,0.0,0.0,0.0,0.0,0.0,1.0,1.0,3064.0,5717424.0,5717424.0,1866.0,0.0,1866.0,0.0,1866.0,1866.0,1866.0,1866.0,1.0,2.0
140.0,0.0,0.0,0.0,0.0,0.0,0.0,1.0,1.0,3064.0,5717424.0,5717424.0,1866.0,0.0,1866.0,0.0,1866.0,1866.0,1866.0,1866.0,94.0,3.0
140.0,0.0,0.0,0.0,0.0,0.0,0.0,1.0,1.0,3064.0,5717424.0,5717424.0,1866.0,0.0,1866.0,0.0,1866.0,1866.0,1866.0,1866.0,6.0,4.0
141.0,0.0,0.0,0.0,0.0,0.0,0.0,1.0,1.0,3064.0,5711296.0,5711296.0,1864.0,0.0,1864.0,0.0,1864.0,1864.0,1864.0,1864.0,100.0,3.0
142.0,0.0,0.0,0.0,0.0,0.0,0.0,1.0,1.0,3064.0,5692912.0,5692912.0,1858.0,0.0,1858.0,0.0,1858.0,1858.0,1858.0,1858.0,100.0,3.0
143.0,0.0,0.0,0.0,0.0,0.0,0.0,1.0,1.0,3064.0,5640824.0,5640824.0,1841.0,0.0,1841.0,0.0,1841.0,1841.0,1841.0,1841.0,100.0,3.0
144.0,0.0,0.0,0.0,0.0,0.0,0.0,1.0,1.0,3062.0,5628568.0,5628568.0,1837.0,0.0,1837.0,0.0,1837.0,1837.0,1837.0,1837.0,100.0,3.0
145.0,0.0,0.0,0.0,0.0,0.0,0.0,1.0,1.0,3063.0,5619376.0,5619376.0,1834.0,0.0,1834.0,0.0,1834.0,1834.0,1834.0,1834.0,100.0,3.0
146.0,0.0,0.0,0.0,0.0,0.0,0.0,1.0,1.0,3063.0,5616312.0,5616312.0,1833.0,0.0,1833.0,0.0,1833.0,1833.0,1833.0,1833.0,100.0,3.0
147.0,0.0,0.0,0.0,0.0,0.0,0.0,1.0,1.0,3061.0,5613248.0,5613248.0,1832.0,0.0,1832.0,0.0,1832.0,1832.0,1832.0,1832.0,100.0,3.0
148.0,0.0,0.0,0.0,0.0,0.0,0.0,1.0,1.0,3063.0,5591800.0,5591800.0,1825.0,0.0,1825.0,0.0,1825.0,1825.0,1825.0,1825.0,100.0,3.0
149.0,0.0,0.0,0.0,0.0,0.0,0.0,1.0,1.0,3062.0,5539712.0,5539712.0,1808.0,0.0,1808.0,0.0,1808.0,1808.0,1808.0,1808.0,100.0,3.0
150.0,0.0,0.0,0.0,0.0,0.0,0.0,1.0,1.0,3063.0,5530520.0,5530520.0,1805.0,0.0,1805.0,0.0,1805.0,1805.0,1805.0,1805.0,100.0,3.0
151.0,0.0,0.0,0.0,0.0,0.0,0.0,1.0,1.0,3064.0,5481496.0,5481496.0,1789.0,0.0,1789.0,0.0,1789.0,1789.0,1789.0,1789.0,100.0,3.0
152.0,0.0,0.0,0.0,0.0,0.0,0.0,1.0,1.0,3064.0,5411024.0,5411024.0,1766.0,0.0,1766.0,0.0,1766.0,1766.0,1766.0,1766.0,100.0,3.0
153.0,0.0,0.0,0.0,0.0,0.0,0.0,1.0,1.0,3064.0,5401832.0,5401832.0,1763.0,0.0,1763.0,0.0,1763.0,1763.0,1763.0,1763.0,100.0,3.0
154.0,0.0,0.0,0.0,0.0,0.0,0.0,1.0,1.0,3064.0,5389576.0,5389576.0,1759.0,0.0,1759.0,0.0,1759.0,1759.0,1759.0,1759.0,100.0,3.0
155.0,0.0,0.0,0.0,0.0,0.0,0.0,1.0,1.0,3061.0,5383448.0,5383448.0,1757.0,0.0,1757.0,0.0,1757.0,1757.0,1757.0,1757.0,100.0,3.0
156.0,0.0,0.0,0.0,0.0,0.0,0.0,1.0,1.0,3064.0,5352808.0,5352808.0,1747.0,0.0,1747.0,0.0,1747.0,1747.0,1747.0,1747.0,100.0,3.0
157.0,0.0,0.0,0.0,0.0,0.0,0.0,1.0,1.0,3064.0,5349744.0,5349744.0,1746.0,0.0,1746.0,0.0,1746.0,1746.0,1746.0,1746.0,100.0,3.0
158.0,0.0,0.0,0.0,0.0,0.0,0.0,1.0,1.0,3064.0,5346680.0,5346680.0,1745.0,0.0,1745.0,0.0,1745.0,1745.0,1745.0,1745.0,100.0,3.0
159.0,0.0,0.0,0.0,0.0,0.0,0.0,1.0,1.0,3058.0,5343616.0,5343616.0,1744.0,0.0,1744.0,0.0,1744.0,1744.0,1744.0,1744.0,100.0,3.0
160.0,0.0,0.0,0.0,0.0,0.0,0.0,1.0,1.0,3063.0,5340552.0,5340552.0,1743.0,0.0,1743.0,0.0,1743.0,1743.0,1743.0,1743.0,100.0,3.0
161.0,0.0,0.0,0.0,0.0,0.0,0.0,1.0,1.0,3064.0,5285400.0,5285400.0,1725.0,0.0,1725.0,0.0,1725.0,1725.0,1725.0,1725.0,100.0,3.0
162.0,0.0,0.0,0.0,0.0,0.0,0.0,1.0,1.0,3063.0,5208800.0,5208800.0,1700.0,0.0,1700.0,0.0,1700.0,1700.0,1700.0,1700.0,1.0,2.0
162.0,0.0,0.0,0.0,0.0,0.0,0.0,1.0,1.0,3063.0,5208800.0,5208800.0,1700.0,0.0,1700.0,0.0,1700.0,1700.0,1700.0,1700.0,99.0,3.0
163.0,0.0,0.0,0.0,0.0,0.0,0.0,1.0,1.0,3064.0,5205736.0,5205736.0,1699.0,0.0,1699.0,0.0,1699.0,1699.0,1699.0,1699.0,100.0,3.0
164.0,0.0,0.0,0.0,0.0,0.0,0.0,1.0,1.0,3063.0,5162840.0,5162840.0,1685.0,0.0,1685.0,0.0,1685.0,1685.0,1685.0,1685.0,100.0,3.0
165.0,0.0,0.0,0.0,0.0,0.0,0.0,1.0,1.0,3064.0,5132200.0,5132200.0,1675.0,0.0,1675.0,0.0,1675.0,1675.0,1675.0,1675.0,100.0,3.0
166.0,0.0,0.0,0.0,0.0,0.0,0.0,1.0,1.0,3064.0,5092368.0,5092368.0,1662.0,0.0,1662.0,0.0,1662.0,1662.0,1662.0,1662.0,100.0,3.0
167.0,0.0,0.0,0.0,0.0,0.0,0.0,1.0,1.0,3062.0,5073984.0,5073984.0,1656.0,0.0,1656.0,0.0,1656.0,1656.0,1656.0,1656.0,100.0,3.0
168.0,0.0,0.0,0.0,0.0,0.0,0.0,1.0,1.0,3063.0,5040280.0,5040280.0,1645.0,0.0,1645.0,0.0,1645.0,1645.0,1645.0,1645.0,100.0,3.0
169.0,0.0,0.0,0.0,0.0,0.0,0.0,1.0,1.0,3064.0,5034152.0,5034152.0,1643.0,0.0,1643.0,0.0,1643.0,1643.0,1643.0,1643.0,1.0,2.0
169.0,0.0,0.0,0.0,0.0,0.0,0.0,1.0,1.0,3064.0,5034152.0,5034152.0,1643.0,0.0,1643.0,0.0,1643.0,1643.0,1643.0,1643.0,99.0,3.0
170.0,0.0,0.0,0.0,0.0,0.0,0.0,1.0,1.0,3062.0,5024960.0,5024960.0,1640.0,0.0,1640.0,0.0,1640.0,1640.0,1640.0,1640.0,100.0,3.0
171.0,0.0,0.0,0.0,0.0,0.0,0.0,1.0,1.0,3063.0,4982064.0,4982064.0,1626.0,0.0,1626.0,0.0,1626.0,1626.0,1626.0,1626.0,100.0,3.0
172.0,0.0,0.0,0.0,0.0,0.0,0.0,1.0,1.0,3063.0,4957552.0,4957552.0,1618.0,0.0,1618.0,0.0,1618.0,1618.0,1618.0,1618.0,8.0,2.0
172.0,0.0,0.0,0.0,0.0,0.0,0.0,1.0,1.0,3063.0,4957552.0,4957552.0,1618.0,0.0,1618.0,0.0,1618.0,1618.0,1618.0,1618.0,92.0,3.0
173.0,0.0,0.0,0.0,0.0,0.0,0.0,1.0,1.0,3063.0,4942232.0,4942232.0,1613.0,0.0,1613.0,0.0,1613.0,1613.0,1613.0,1613.0,7.000000000000001,2.0
173.0,0.0,0.0,0.0,0.0,0.0,0.0,1.0,1.0,3063.0,4942232.0,4942232.0,1613.0,0.0,1613.0,0.0,1613.0,1613.0,1613.0,1613.0,93.0,3.0
174.0,0.0,0.0,0.0,0.0,0.0,0.0,1.0,1.0,3063.0,4936104.0,4936104.0,1611.0,0.0,1611.0,0.0,1611.0,1611.0,1611.0,1611.0,4.0,2.0
174.0,0.0,0.0,0.0,0.0,0.0,0.0,1.0,1.0,3063.0,4936104.0,4936104.0,1611.0,0.0,1611.0,0.0,1611.0,1611.0,1611.0,1611.0,96.0,3.0
175.0,0.0,0.0,0.0,0.0,0.0,0.0,1.0,1.0,3064.0,4920784.0,4920784.0,1606.0,0.0,1606.0,0.0,1606.0,1606.0,1606.0,1606.0,5.0,2.0
175.0,0.0,0.0,0.0,0.0,0.0,0.0,1.0,1.0,3064.0,4920784.0,4920784.0,1606.0,0.0,1606.0,0.0,1606.0,1606.0,1606.0,1606.0,95.0,3.0
176.0,0.0,0.0,0.0,0.0,0.0,0.0,1.0,1.0,3063.0,4914656.0,4914656.0,1604.0,0.0,1604.0,0.0,1604.0,1604.0,1604.0,1604.0,2.0,2.0
176.0,0.0,0.0,0.0,0.0,0.0,0.0,1.0,1.0,3063.0,4914656.0,4914656.0,1604.0,0.0,1604.0,0.0,1604.0,1604.0,1604.0,1604.0,98.0,3.0
177.0,0.0,0.0,0.0,0.0,0.0,0.0,1.0,1.0,3063.0,4847248.0,4847248.0,1582.0,0.0,1582.0,0.0,1582.0,1582.0,1582.0,1582.0,4.0,2.0
177.0,0.0,0.0,0.0,0.0,0.0,0.0,1.0,1.0,3063.0,4847248.0,4847248.0,1582.0,0.0,1582.0,0.0,1582.0,1582.0,1582.0,1582.0,96.0,3.0
178.0,0.0,0.0,0.0,0.0,0.0,0.0,1.0,1.0,3064.0,4825800.0,4825800.0,1575.0,0.0,1575.0,0.0,1575.0,1575.0,1575.0,1575.0,28.999999999999996,2.0
178.0,0.0,0.0,0.0,0.0,0.0,0.0,1.0,1.0,3064.0,4825800.0,4825800.0,1575.0,0.0,1575.0,0.0,1575.0,1575.0,1575.0,1575.0,71.0,3.0
179.0,0.0,0.0,0.0,0.0,0.0,0.0,1.0,1.0,3062.0,4804352.0,4804352.0,1568.0,0.0,1568.0,0.0,1568.0,1568.0,1568.0,1568.0,30.0,2.0
179.0,0.0,0.0,0.0,0.0,0.0,0.0,1.0,1.0,3062.0,4804352.0,4804352.0,1568.0,0.0,1568.0,0.0,1568.0,1568.0,1568.0,1568.0,70.0,3.0
180.0,0.0,0.0,0.0,0.0,0.0,0.0,1.0,1.0,3060.0,4727752.0,4727752.0,1543.0,0.0,1543.0,0.0,1543.0,1543.0,1543.0,1543.0,60.0,2.0
180.0,0.0,0.0,0.0,0.0,0.0,0.0,1.0,1.0,3060.0,4727752.0,4727752.0,1543.0,0.0,1543.0,0.0,1543.0,1543.0,1543.0,1543.0,40.0,3.0
181.0,0.0,0.0,0.0,0.0,0.0,0.0,1.0,1.0,3062.0,4700176.0,4700176.0,1534.0,0.0,1534.0,0.0,1534.0,1534.0,1534.0,1534.0,70.0,2.0
181.0,0.0,0.0,0.0,0.0,0.0,0.0,1.0,1.0,3062.0,4700176.0,4700176.0,1534.0,0.0,1534.0,0.0,1534.0,1534.0,1534.0,1534.0,30.0,3.0
182.0,0.0,0.0,0.0,0.0,0.0,0.0,1.0,1.0,3063.0,4651152.0,4651152.0,1518.0,0.0,1518.0,0.0,1518.0,1518.0,1518.0,1518.0,87.0,2.0
182.0,0.0,0.0,0.0,0.0,0.0,0.0,1.0,1.0,3063.0,4651152.0,4651152.0,1518.0,0.0,1518.0,0.0,1518.0,1518.0,1518.0,1518.0,13.0,3.0
183.0,0.0,0.0,0.0,0.0,0.0,0.0,1.0,1.0,3061.0,4638896.0,4638896.0,1514.0,0.0,1514.0,0.0,1514.0,1514.0,1514.0,1514.0,100.0,2.0
184.0,0.0,0.0,0.0,0.0,0.0,0.0,1.0,1.0,3063.0,4629704.0,4629704.0,1511.0,0.0,1511.0,0.0,1511.0,1511.0,1511.0,1511.0,100.0,2.0
185.0,0.0,0.0,0.0,0.0,0.0,0.0,1.0,1.0,3064.0,4556168.0,4556168.0,1487.0,0.0,1487.0,0.0,1487.0,1487.0,1487.0,1487.0,100.0,2.0
186.0,0.0,0.0,0.0,0.0,0.0,0.0,1.0,1.0,3064.0,4550040.0,4550040.0,1485.0,0.0,1485.0,0.0,1485.0,1485.0,1485.0,1485.0,68.0,2.0
186.0,0.0,0.0,0.0,0.0,0.0,0.0,1.0,1.0,3064.0,4550040.0,4550040.0,1485.0,0.0,1485.0,0.0,1485.0,1485.0,1485.0,1485.0,32.0,3.0
187.0,0.0,0.0,0.0,0.0,0.0,0.0,1.0,1.0,3063.0,4528592.0,4528592.0,1478.0,0.0,1478.0,0.0,1478.0,1478.0,1478.0,1478.0,100.0,2.0
188.0,0.0,0.0,0.0,0.0,0.0,0.0,1.0,1.0,3060.0,4510208.0,4510208.0,1472.0,0.0,1472.0,0.0,1472.0,1472.0,1472.0,1472.0,100.0,2.0
189.0,0.0,0.0,0.0,0.0,0.0,0.0,1.0,1.0,3064.0,4504080.0,4504080.0,1470.0,0.0,1470.0,0.0,1470.0,1470.0,1470.0,1470.0,100.0,2.0
190.0,0.0,0.0,0.0,0.0,0.0,0.0,1.0,1.0,3064.0,4464248.0,4464248.0,1457.0,0.0,1457.0,0.0,1457.0,1457.0,1457.0,1457.0,100.0,2.0
191.0,0.0,0.0,0.0,0.0,0.0,0.0,1.0,1.0,3063.0,4445864.0,4445864.0,1451.0,0.0,1451.0,0.0,1451.0,1451.0,1451.0,1451.0,100.0,2.0
192.0,0.0,0.0,0.0,0.0,0.0,0.0,1.0,1.0,3064.0,4442800.0,4442800.0,1450.0,0.0,1450.0,0.0,1450.0,1450.0,1450.0,1450.0,96.0,2.0
192.0,0.0,0.0,0.0,0.0,0.0,0.0,1.0,1.0,3064.0,4442800.0,4442800.0,1450.0,0.0,1450.0,0.0,1450.0,1450.0,1450.0,1450.0,4.0,3.0
193.0,0.0,0.0,0.0,0.0,0.0,0.0,1.0,1.0,3063.0,4387648.0,4387648.0,1432.0,0.0,1432.0,0.0,1432.0,1432.0,1432.0,1432.0,100.0,2.0
194.0,0.0,0.0,0.0,0.0,0.0,0.0,1.0,1.0,3064.0,4360072.0,4360072.0,1423.0,0.0,1423.0,0.0,1423.0,1423.0,1423.0,1423.0,100.0,2.0
195.0,0.0,0.0,0.0,0.0,0.0,0.0,1.0,1.0,3062.0,4353944.0,4353944.0,1421.0,0.0,1421.0,0.0,1421.0,1421.0,1421.0,1421.0,100.0,2.0
196.0,0.0,0.0,0.0,0.0,0.0,0.0,1.0,1.0,3056.0,4344752.0,4344752.0,1418.0,0.0,1418.0,0.0,1418.0,1418.0,1418.0,1418.0,100.0,2.0
197.0,0.0,0.0,0.0,0.0,0.0,0.0,1.0,1.0,3064.0,4317176.0,4317176.0,1409.0,0.0,1409.0,0.0,1409.0,1409.0,1409.0,1409.0,100.0,2.0
198.0,0.0,0.0,0.0,0.0,0.0,0.0,1.0,1.0,3060.0,4298792.0,4298792.0,1403.0,0.0,1403.0,0.0,1403.0,1403.0,1403.0,1403.0,100.0,2.0
199.0,0.0,0.0,0.0,0.0,0.0,0.0,1.0,1.0,3063.0,4265088.0,4265088.0,1392.0,0.0,1392.0,0.0,1392.0,1392.0,1392.0,1392.0,100.0,2.0
200.0,0.0,0.0,0.0,0.0,0.0,0.0,1.0,1.0,3064.0,4228320.0,4228320.0,1380.0,0.0,1380.0,0.0,1380.0,1380.0,1380.0,1380.0,100.0,2.0
201.0,0.0,0.0,0.0,0.0,0.0,0.0,1.0,1.0,3064.0,4167040.0,4167040.0,1360.0,0.0,1360.0,0.0,1360.0,1360.0,1360.0,1360.0,100.0,2.0
202.0,0.0,0.0,0.0,0.0,0.0,0.0,1.0,1.0,3064.0,4154784.0,4154784.0,1356.0,0.0,1356.0,0.0,1356.0,1356.0,1356.0,1356.0,100.0,2.0
203.0,0.0,0.0,0.0,0.0,0.0,0.0,1.0,1.0,3062.0,4151720.0,4151720.0,1355.0,0.0,1355.0,0.0,1355.0,1355.0,1355.0,1355.0,100.0,2.0
204.0,0.0,0.0,0.0,0.0,0.0,0.0,1.0,1.0,3064.0,4139464.0,4139464.0,1351.0,0.0,1351.0,0.0,1351.0,1351.0,1351.0,1351.0,100.0,2.0
205.0,0.0,0.0,0.0,0.0,0.0,0.0,1.0,1.0,3064.0,4093504.0,4093504.0,1336.0,0.0,1336.0,0.0,1336.0,1336.0,1336.0,1336.0,100.0,2.0
206.0,0.0,0.0,0.0,0.0,0.0,0.0,1.0,1.0,3062.0,4084312.0,4084312.0,1333.0,0.0,1333.0,0.0,1333.0,1333.0,1333.0,1333.0,100.0,2.0
207.0,0.0,0.0,0.0,0.0,0.0,0.0,1.0,1.0,3064.0,4078184.0,4078184.0,1331.0,0.0,1331.0,0.0,1331.0,1331.0,1331.0,1331.0,100.0,2.0
208.0,0.0,0.0,0.0,0.0,0.0,0.0,1.0,1.0,3063.0,3974008.0,3974008.0,1297.0,0.0,1297.0,0.0,1297.0,1297.0,1297.0,1297.0,100.0,2.0
209.0,0.0,0.0,0.0,0.0,0.0,0.0,1.0,1.0,3064.0,3949496.0,3949496.0,1289.0,0.0,1289.0,0.0,1289.0,1289.0,1289.0,1289.0,100.0,2.0
210.0,0.0,0.0,0.0,0.0,0.0,0.0,1.0,1.0,3063.0,3943368.0,3943368.0,1287.0,0.0,1287.0,0.0,1287.0,1287.0,1287.0,1287.0,100.0,2.0
211.0,0.0,0.0,0.0,0.0,0.0,0.0,1.0,1.0,3064.0,3934176.0,3934176.0,1284.0,0.0,1284.0,0.0,1284.0,1284.0,1284.0,1284.0,100.0,2.0
212.0,0.0,0.0,0.0,0.0,0.0,0.0,1.0,1.0,3060.0,3921920.0,3921920.0,1280.0,0.0,1280.0,0.0,1280.0,1280.0,1280.0,1280.0,100.0,2.0
213.0,0.0,0.0,0.0,0.0,0.0,0.0,1.0,1.0,3064.0,3891280.0,3891280.0,1270.0,0.0,1270.0,0.0,1270.0,1270.0,1270.0,1270.0,100.0,2.0
214.0,0.0,0.0,0.0,0.0,0.0,0.0,1.0,1.0,3064.0,3882088.0,3882088.0,1267.0,0.0,1267.0,0.0,1267.0,1267.0,1267.0,1267.0,100.0,2.0
215.0,0.0,0.0,0.0,0.0,0.0,0.0,1.0,1.0,3060.0,3863704.0,3863704.0,1261.0,0.0,1261.0,0.0,1261.0,1261.0,1261.0,1261.0,100.0,2.0
216.0,0.0,0.0,0.0,0.0,0.0,0.0,1.0,1.0,3063.0,3845320.0,3845320.0,1255.0,0.0,1255.0,0.0,1255.0,1255.0,1255.0,1255.0,100.0,2.0
217.0,0.0,0.0,0.0,0.0,0.0,0.0,1.0,1.0,3062.0,3823872.0,3823872.0,1248.0,0.0,1248.0,0.0,1248.0,1248.0,1248.0,1248.0,100.0,2.0
218.0,0.0,0.0,0.0,0.0,0.0,0.0,1.0,1.0,3051.0,3811616.0,3811616.0,1244.0,0.0,1244.0,0.0,1244.0,1244.0,1244.0,1244.0,100.0,2.0
219.0,0.0,0.0,0.0,0.0,0.0,0.0,1.0,1.0,3061.0,3765656.0,3765656.0,1229.0,0.0,1229.0,0.0,1229.0,1229.0,1229.0,1229.0,100.0,2.0
220.0,0.0,0.0,0.0,0.0,0.0,0.0,1.0,1.0,3064.0,3728888.0,3728888.0,1217.0,0.0,1217.0,0.0,1217.0,1217.0,1217.0,1217.0,100.0,2.0
221.0,0.0,0.0,0.0,0.0,0.0,0.0,1.0,1.0,3064.0,3707440.0,3707440.0,1210.0,0.0,1210.0,0.0,1210.0,1210.0,1210.0,1210.0,100.0,2.0
222.0,0.0,0.0,0.0,0.0,0.0,0.0,1.0,1.0,3058.0,3692120.0,3692120.0,1205.0,0.0,1205.0,0.0,1205.0,1205.0,1205.0,1205.0,100.0,2.0
223.0,0.0,0.0,0.0,0.0,0.0,0.0,1.0,1.0,3061.0,3652288.0,3652288.0,1192.0,0.0,1192.0,0.0,1192.0,1192.0,1192.0,1192.0,100.0,2.0
224.0,0.0,0.0,0.0,0.0,0.0,0.0,1.0,1.0,3062.0,3600200.0,3600200.0,1175.0,0.0,1175.0,0.0,1175.0,1175.0,1175.0,1175.0,100.0,2.0
225.0,0.0,0.0,0.0,0.0,0.0,0.0,1.0,1.0,3061.0,3597136.0,3597136.0,1174.0,0.0,1174.0,0.0,1174.0,1174.0,1174.0,1174.0,100.0,2.0
226.0,0.0,0.0,0.0,0.0,0.0,0.0,1.0,1.0,3060.0,3587944.0,3587944.0,1171.0,0.0,1171.0,0.0,1171.0,1171.0,1171.0,1171.0,100.0,2.0
227.0,0.0,0.0,0.0,0.0,0.0,0.0,1.0,1.0,3064.0,3569560.0,3569560.0,1165.0,0.0,1165.0,0.0,1165.0,1165.0,1165.0,1165.0,100.0,2.0
228.0,0.0,0.0,0.0,0.0,0.0,0.0,1.0,1.0,3064.0,3545048.0,3545048.0,1157.0,0.0,1157.0,0.0,1157.0,1157.0,1157.0,1157.0,100.0,2.0
229.0,0.0,0.0,0.0,0.0,0.0,0.0,1.0,1.0,3061.0,3535856.0,3535856.0,1154.0,0.0,1154.0,0.0,1154.0,1154.0,1154.0,1154.0,100.0,2.0
230.0,0.0,0.0,0.0,0.0,0.0,0.0,1.0,1.0,3064.0,3416360.0,3416360.0,1115.0,0.0,1115.0,0.0,1115.0,1115.0,1115.0,1115.0,100.0,2.0
231.0,0.0,0.0,0.0,0.0,0.0,0.0,1.0,1.0,3057.0,3376528.0,3376528.0,1102.0,0.0,1102.0,0.0,1102.0,1102.0,1102.0,1102.0,100.0,2.0
232.0,0.0,0.0,0.0,0.0,0.0,0.0,1.0,1.0,3063.0,3373464.0,3373464.0,1101.0,0.0,1101.0,0.0,1101.0,1101.0,1101.0,1101.0,100.0,2.0
233.0,0.0,0.0,0.0,0.0,0.0,0.0,1.0,1.0,3062.0,3318312.0,3318312.0,1083.0,0.0,1083.0,0.0,1083.0,1083.0,1083.0,1083.0,11.0,1.0
233.0,0.0,0.0,0.0,0.0,0.0,0.0,1.0,1.0,3062.0,3318312.0,3318312.0,1083.0,0.0,1083.0,0.0,1083.0,1083.0,1083.0,1083.0,89.0,2.0
234.0,0.0,0.0,0.0,0.0,0.0,0.0,1.0,1.0,3048.0,3315248.0,3315248.0,1082.0,0.0,1082.0,0.0,1082.0,1082.0,1082.0,1082.0,8.0,1.0
234.0,0.0,0.0,0.0,0.0,0.0,0.0,1.0,1.0,3048.0,3315248.0,3315248.0,1082.0,0.0,1082.0,0.0,1082.0,1082.0,1082.0,1082.0,92.0,2.0
235.0,0.0,0.0,0.0,0.0,0.0,0.0,1.0,1.0,3064.0,3306056.0,3306056.0,1079.0,0.0,1079.0,0.0,1079.0,1079.0,1079.0,1079.0,100.0,2.0
236.0,0.0,0.0,0.0,0.0,0.0,0.0,1.0,1.0,3062.0,3296864.0,3296864.0,1076.0,0.0,1076.0,0.0,1076.0,1076.0,1076.0,1076.0,100.0,2.0
237.0,0.0,0.0,0.0,0.0,0.0,0.0,1.0,1.0,3063.0,3284608.0,3284608.0,1072.0,0.0,1072.0,0.0,1072.0,1072.0,1072.0,1072.0,2.0,1.0
237.0,0.0,0.0,0.0,0.0,0.0,0.0,1.0,1.0,3063.0,3284608.0,3284608.0,1072.0,0.0,1072.0,0.0,1072.0,1072.0,1072.0,1072.0,98.0,2.0
238.0,0.0,0.0,0.0,0.0,0.0,0.0,1.0,1.0,3062.0,3281544.0,3281544.0,1071.0,0.0,1071.0,0.0,1071.0,1071.0,1071.0,1071.0,11.0,1.0
238.0,0.0,0.0,0.0,0.0,0.0,0.0,1.0,1.0,3062.0,3281544.0,3281544.0,1071.0,0.0,1071.0,0.0,1071.0,1071.0,1071.0,1071.0,89.0,2.0
239.0,0.0,0.0,0.0,0.0,0.0,0.0,1.0,1.0,3064.0,3275416.0,3275416.0,1069.0,0.0,1069.0,0.0,1069.0,1069.0,1069.0,1069.0,3.0,1.0
239.0,0.0,0.0,0.0,0.0,0.0,0.0,1.0,1.0,3064.0,3275416.0,3275416.0,1069.0,0.0,1069.0,0.0,1069.0,1069.0,1069.0,1069.0,97.0,2.0
240.0,0.0,0.0,0.0,0.0,0.0,0.0,1.0,1.0,3063.0,3140600.0,3140600.0,1025.0,0.0,1025.0,0.0,1025.0,1025.0,1025.0,1025.0,94.0,1.0
240.0,0.0,0.0,0.0,0.0,0.0,0.0,1.0,1.0,3063.0,3140600.0,3140600.0,1025.0,0.0,1025.0,0.0,1025.0,1025.0,1025.0,1025.0,6.0,2.0
241.0,0.0,0.0,0.0,0.0,0.0,0.0,1.0,1.0,3056.0,3134472.0,3134472.0,1023.0,0.0,1023.0,0.0,1023.0,1023.0,1023.0,1023.0,100.0,1.0
242.0,0.0,0.0,0.0,0.0,0.0,0.0,1.0,1.0,3056.0,3122216.0,3122216.0,1019.0,0.0,1019.0,0.0,1019.0,1019.0,1019.0,1019.0,87.0,1.0
242.0,0.0,0.0,0.0,0.0,0.0,0.0,1.0,1.0,3056.0,3122216.0,3122216.0,1019.0,0.0,1019.0,0.0,1019.0,1019.0,1019.0,1019.0,13.0,2.0
243.0,0.0,0.0,0.0,0.0,0.0,0.0,1.0,1.0,3063.0,3109960.0,3109960.0,1015.0,0.0,1015.0,0.0,1015.0,1015.0,1015.0,1015.0,93.0,1.0
243.0,0.0,0.0,0.0,0.0,0.0,0.0,1.0,1.0,3063.0,3109960.0,3109960.0,1015.0,0.0,1015.0,0.0,1015.0,1015.0,1015.0,1015.0,7.000000000000001,2.0
244.0,0.0,0.0,0.0,0.0,0.0,0.0,1.0,1.0,3063.0,3088512.0,3088512.0,1008.0,0.0,1008.0,0.0,1008.0,1008.0,1008.0,1008.0,93.0,1.0
244.0,0.0,0.0,0.0,0.0,0.0,0.0,1.0,1.0,3063.0,3088512.0,3088512.0,1008.0,0.0,1008.0,0.0,1008.0,1008.0,1008.0,1008.0,7.000000000000001,2.0
245.0,0.0,0.0,0.0,0.0,0.0,0.0,1.0,1.0,3056.0,3070128.0,3070128.0,1002.0,0.0,1002.0,0.0,1002.0,1002.0,1002.0,1002.0,99.0,1.0
245.0,0.0,0.0,0.0,0.0,0.0,0.0,1.0,1.0,3056.0,3070128.0,3070128.0,1002.0,0.0,1002.0,0.0,1002.0,1002.0,1002.0,1002.0,1.0,2.0
246.0,0.0,0.0,0.0,0.0,0.0,0.0,1.0,1.0,3064.0,3042552.0,3042552.0,993.0,0.0,993.0,0.0,993.0,993.0,993.0,993.0,100.0,1.0
247.0,0.0,0.0,0.0,0.0,0.0,0.0,1.0,1.0,3062.0,2972080.0,2972080.0,970.0,0.0,970.0,0.0,970.0,970.0,970.0,970.0,96.0,1.0
247.0,0.0,0.0,0.0,0.0,0.0,0.0,1.0,1.0,3062.0,2972080.0,2972080.0,970.0,0.0,970.0,0.0,970.0,970.0,970.0,970.0,4.0,2.0
248.0,0.0,0.0,0.0,0.0,0.0,0.0,1.0,1.0,3064.0,2965952.0,2965952.0,968.0,0.0,968.0,0.0,968.0,968.0,968.0,968.0,100.0,1.0
249.0,0.0,0.0,0.0,0.0,0.0,0.0,1.0,1.0,3052.0,2932248.0,2932248.0,957.0,0.0,957.0,0.0,957.0,957.0,957.0,957.0,100.0,1.0
250.0,0.0,0.0,0.0,0.0,0.0,0.0,1.0,1.0,3064.0,2923056.0,2923056.0,954.0,0.0,954.0,0.0,954.0,954.0,954.0,954.0,100.0,1.0
251.0,0.0,0.0,0.0,0.0,0.0,0.0,1.0,1.0,3060.0,2916928.0,2916928.0,952.0,0.0,952.0,0.0,952.0,952.0,952.0,952.0,67.0,1.0
251.0,0.0,0.0,0.0,0.0,0.0,0.0,1.0,1.0,3060.0,2916928.0,2916928.0,952.0,0.0,952.0,0.0,952.0,952.0,952.0,952.0,33.0,2.0
252.0,0.0,0.0,0.0,0.0,0.0,0.0,1.0,1.0,3064.0,2913864.0,2913864.0,951.0,0.0,951.0,0.0,951.0,951.0,951.0,951.0,100.0,1.0
253.0,0.0,0.0,0.0,0.0,0.0,0.0,1.0,1.0,3055.0,2880160.0,2880160.0,940.0,0.0,940.0,0.0,940.0,940.0,940.0,940.0,42.0,1.0
253.0,0.0,0.0,0.0,0.0,0.0,0.0,1.0,1.0,3055.0,2880160.0,2880160.0,940.0,0.0,940.0,0.0,940.0,940.0,940.0,940.0,56.99999999999999,2.0
253.0,0.0,0.0,0.0,0.0,0.0,0.0,1.0,1.0,3055.0,2880160.0,2880160.0,940.0,0.0,940.0,0.0,940.0,940.0,940.0,940.0,1.0,3.0
254.0,0.0,0.0,0.0,0.0,0.0,0.0,1.0,1.0,3050.0,2877096.0,2877096.0,939.0,0.0,939.0,0.0,939.0,939.0,939.0,939.0,100.0,1.0
255.0,0.0,0.0,0.0,0.0,0.0,0.0,1.0,1.0,3063.0,2846456.0,2846456.0,929.0,0.0,929.0,0.0,929.0,929.0,929.0,929.0,100.0,1.0
256.0,0.0,0.0,0.0,0.0,0.0,0.0,1.0,1.0,3064.0,2797432.0,2797432.0,913.0,0.0,913.0,0.0,913.0,913.0,913.0,913.0,100.0,1.0
257.0,0.0,0.0,0.0,0.0,0.0,0.0,1.0,1.0,3063.0,2782112.0,2782112.0,908.0,0.0,908.0,0.0,908.0,908.0,908.0,908.0,77.0,1.0
257.0,0.0,0.0,0.0,0.0,0.0,0.0,1.0,1.0,3063.0,2782112.0,2782112.0,908.0,0.0,908.0,0.0,908.0,908.0,908.0,908.0,23.0,2.0
258.0,0.0,0.0,0.0,0.0,0.0,0.0,1.0,1.0,3056.0,2717768.0,2717768.0,887.0,0.0,887.0,0.0,887.0,887.0,887.0,887.0,100.0,1.0
259.0,0.0,0.0,0.0,0.0,0.0,0.0,1.0,1.0,3060.0,2714704.0,2714704.0,886.0,0.0,886.0,0.0,886.0,886.0,886.0,886.0,100.0,1.0
260.0,0.0,0.0,0.0,0.0,0.0,0.0,1.0,1.0,3062.0,2693256.0,2693256.0,879.0,0.0,879.0,0.0,879.0,879.0,879.0,879.0,100.0,1.0
261.0,0.0,0.0,0.0,0.0,0.0,0.0,1.0,1.0,3064.0,2668744.0,2668744.0,871.0,0.0,871.0,0.0,871.0,871.0,871.0,871.0,92.0,1.0
261.0,0.0,0.0,0.0,0.0,0.0,0.0,1.0,1.0,3064.0,2668744.0,2668744.0,871.0,0.0,871.0,0.0,871.0,871.0,871.0,871.0,8.0,2.0
262.0,0.0,0.0,0.0,0.0,0.0,0.0,1.0,1.0,3064.0,2662616.0,2662616.0,869.0,0.0,869.0,0.0,869.0,869.0,869.0,869.0,100.0,1.0
263.0,0.0,0.0,0.0,0.0,0.0,0.0,1.0,1.0,3063.0,2638104.0,2638104.0,861.0,0.0,861.0,0.0,861.0,861.0,861.0,861.0,100.0,1.0
264.0,0.0,0.0,0.0,0.0,0.0,0.0,1.0,1.0,3052.0,2567632.0,2567632.0,838.0,0.0,838.0,0.0,838.0,838.0,838.0,838.0,100.0,1.0
265.0,0.0,0.0,0.0,0.0,0.0,0.0,1.0,1.0,3059.0,2558440.0,2558440.0,835.0,0.0,835.0,0.0,835.0,835.0,835.0,835.0,100.0,1.0
266.0,0.0,0.0,0.0,0.0,0.0,0.0,1.0,1.0,3059.0,2536992.0,2536992.0,828.0,0.0,828.0,0.0,828.0,828.0,828.0,828.0,100.0,1.0
267.0,0.0,0.0,0.0,0.0,0.0,0.0,1.0,1.0,3063.0,2530864.0,2530864.0,826.0,0.0,826.0,0.0,826.0,826.0,826.0,826.0,99.0,1.0
267.0,0.0,0.0,0.0,0.0,0.0,0.0,1.0,1.0,3063.0,2530864.0,2530864.0,826.0,0.0,826.0,0.0,826.0,826.0,826.0,826.0,1.0,2.0
268.0,0.0,0.0,0.0,0.0,0.0,0.0,1.0,1.0,3064.0,2500224.0,2500224.0,816.0,0.0,816.0,0.0,816.0,816.0,816.0,816.0,100.0,1.0
269.0,0.0,0.0,0.0,0.0,0.0,0.0,1.0,1.0,3061.0,2420560.0,2420560.0,790.0,0.0,790.0,0.0,790.0,790.0,790.0,790.0,100.0,1.0
270.0,0.0,0.0,0.0,0.0,0.0,0.0,1.0,1.0,3063.0,2380728.0,2380728.0,777.0,0.0,777.0,0.0,777.0,777.0,777.0,777.0,100.0,1.0
271.0,0.0,0.0,0.0,0.0,0.0,0.0,1.0,1.0,3058.0,2377664.0,2377664.0,776.0,0.0,776.0,0.0,776.0,776.0,776.0,776.0,100.0,1.0
272.0,0.0,0.0,0.0,0.0,0.0,0.0,1.0,1.0,3064.0,2368472.0,2368472.0,773.0,0.0,773.0,0.0,773.0,773.0,773.0,773.0,100.0,1.0
273.0,0.0,0.0,0.0,0.0,0.0,0.0,1.0,1.0,3062.0,2359280.0,2359280.0,770.0,0.0,770.0,0.0,770.0,770.0,770.0,770.0,100.0,1.0
274.0,0.0,0.0,0.0,0.0,0.0,0.0,1.0,1.0,3063.0,2353152.0,2353152.0,768.0,0.0,768.0,0.0,768.0,768.0,768.0,768.0,100.0,1.0
275.0,0.0,0.0,0.0,0.0,0.0,0.0,1.0,1.0,3040.0,2328640.0,2328640.0,760.0,0.0,760.0,0.0,760.0,760.0,760.0,760.0,100.0,1.0
276.0,0.0,0.0,0.0,0.0,0.0,0.0,1.0,1.0,3058.0,2301064.0,2301064.0,751.0,0.0,751.0,0.0,751.0,751.0,751.0,751.0,100.0,1.0
277.0,0.0,0.0,0.0,0.0,0.0,0.0,1.0,1.0,3063.0,2291872.0,2291872.0,748.0,0.0,748.0,0.0,748.0,748.0,748.0,748.0,100.0,1.0
278.0,0.0,0.0,0.0,0.0,0.0,0.0,1.0,1.0,3059.0,2264296.0,2264296.0,739.0,0.0,739.0,0.0,739.0,739.0,739.0,739.0,100.0,1.0
279.0,0.0,0.0,0.0,0.0,0.0,0.0,1.0,1.0,3063.0,2233656.0,2233656.0,729.0,0.0,729.0,0.0,729.0,729.0,729.0,729.0,100.0,1.0
280.0,0.0,0.0,0.0,0.0,0.0,0.0,1.0,1.0,3060.0,2212208.0,2212208.0,722.0,0.0,722.0,0.0,722.0,722.0,722.0,722.0,100.0,1.0
281.0,0.0,0.0,0.0,0.0,0.0,0.0,1.0,1.0,3056.0,2190760.0,2190760.0,715.0,0.0,715.0,0.0,715.0,715.0,715.0,715.0,100.0,1.0
282.0,0.0,0.0,0.0,0.0,0.0,0.0,1.0,1.0,3063.0,2163184.0,2163184.0,706.0,0.0,706.0,0.0,706.0,706.0,706.0,706.0,100.0,1.0
283.0,0.0,0.0,0.0,0.0,0.0,0.0,1.0,1.0,3051.0,2129480.0,2129480.0,695.0,0.0,695.0,0.0,695.0,695.0,695.0,695.0,100.0,1.0
284.0,0.0,0.0,0.0,0.0,0.0,0.0,1.0,1.0,3057.0,2120288.0,2120288.0,692.0,0.0,692.0,0.0,692.0,692.0,692.0,692.0,100.0,1.0
285.0,0.0,0.0,0.0,0.0,0.0,0.0,1.0,1.0,3057.0,2086584.0,2086584.0,681.0,0.0,681.0,0.0,681.0,681.0,681.0,681.0,100.0,1.0
286.0,0.0,0.0,0.0,0.0,0.0,0.0,1.0,1.0,3060.0,2059008.0,2059008.0,672.0,0.0,672.0,0.0,672.0,672.0,672.0,672.0,100.0,1.0
287.0,0.0,0.0,0.0,0.0,0.0,0.0,1.0,1.0,3064.0,2043688.0,2043688.0,667.0,0.0,667.0,0.0,667.0,667.0,667.0,667.0,100.0,1.0
288.0,0.0,0.0,0.0,0.0,0.0,0.0,1.0,1.0,3059.0,2006920.0,2006920.0,655.0,0.0,655.0,0.0,655.0,655.0,655.0,655.0,100.0,1.0
289.0,0.0,0.0,0.0,0.0,0.0,0.0,1.0,1.0,3041.0,1994664.0,1994664.0,651.0,0.0,651.0,0.0,651.0,651.0,651.0,651.0,100.0,1.0
290.0,0.0,0.0,0.0,0.0,0.0,0.0,1.0,1.0,3059.0,1988536.0,1988536.0,649.0,0.0,649.0,0.0,649.0,649.0,649.0,649.0,100.0,1.0
291.0,0.0,0.0,0.0,0.0,0.0,0.0,1.0,1.0,3064.0,1976280.0,1976280.0,645.0,0.0,645.0,0.0,645.0,645.0,645.0,645.0,100.0,1.0
292.0,0.0,0.0,0.0,0.0,0.0,0.0,1.0,1.0,3063.0,1893552.0,1893552.0,618.0,0.0,618.0,0.0,618.0,618.0,618.0,618.0,4.0,0.0
292.0,0.0,0.0,0.0,0.0,0.0,0.0,1.0,1.0,3063.0,1893552.0,1893552.0,618.0,0.0,618.0,0.0,618.0,618.0,618.0,618.0,96.0,1.0
293.0,0.0,0.0,0.0,0.0,0.0,0.0,1.0,1.0,3060.0,1887424.0,1887424.0,616.0,0.0,616.0,0.0,616.0,616.0,616.0,616.0,100.0,1.0
294.0,0.0,0.0,0.0,0.0,0.0,0.0,1.0,1.0,3058.0,1862912.0,1862912.0,608.0,0.0,608.0,0.0,608.0,608.0,608.0,608.0,100.0,1.0
295.0,0.0,0.0,0.0,0.0,0.0,0.0,1.0,1.0,3058.0,1841464.0,1841464.0,601.0,0.0,601.0,0.0,601.0,601.0,601.0,601.0,100.0,1.0
296.0,0.0,0.0,0.0,0.0,0.0,0.0,1.0,1.0,3055.0,1792440.0,1792440.0,585.0,0.0,585.0,0.0,585.0,585.0,585.0,585.0,100.0,1.0
297.0,0.0,0.0,0.0,0.0,0.0,0.0,1.0,1.0,3052.0,1767928.0,1767928.0,577.0,0.0,577.0,0.0,577.0,577.0,577.0,577.0,100.0,1.0
298.0,0.0,0.0,0.0,0.0,0.0,0.0,1.0,1.0,3063.0,1746480.0,1746480.0,570.0,0.0,570.0,0.0,570.0,570.0,570.0,570.0,100.0,1.0
299.0,0.0,0.0,0.0,0.0,0.0,0.0,1.0,1.0,3063.0,1709712.0,1709712.0,558.0,0.0,558.0,0.0,558.0,558.0,558.0,558.0,100.0,1.0
300.0,0.0,0.0,0.0,0.0,0.0,0.0,1.0,1.0,3060.0,1703584.0,1703584.0,556.0,0.0,556.0,0.0,556.0,556.0,556.0,556.0,6.0,0.0
300.0,0.0,0.0,0.0,0.0,0.0,0.0,1.0,1.0,3060.0,1703584.0,1703584.0,556.0,0.0,556.0,0.0,556.0,556.0,556.0,556.0,94.0,1.0
301.0,0.0,0.0,0.0,0.0,0.0,0.0,1.0,1.0,3064.0,1676008.0,1676008.0,547.0,0.0,547.0,0.0,547.0,547.0,547.0,547.0,100.0,1.0
302.0,0.0,0.0,0.0,0.0,0.0,0.0,1.0,1.0,3047.0,1672944.0,1672944.0,546.0,0.0,546.0,0.0,546.0,546.0,546.0,546.0,100.0,1.0
303.0,0.0,0.0,0.0,0.0,0.0,0.0,1.0,1.0,3060.0,1660688.0,1660688.0,542.0,0.0,542.0,0.0,542.0,542.0,542.0,542.0,10.0,0.0
303.0,0.0,0.0,0.0,0.0,0.0,0.0,1.0,1.0,3060.0,1660688.0,1660688.0,542.0,0.0,542.0,0.0,542.0,542.0,542.0,542.0,90.0,1.0
304.0,0.0,0.0,0.0,0.0,0.0,0.0,1.0,1.0,3060.0,1648432.0,1648432.0,538.0,0.0,538.0,0.0,538.0,538.0,538.0,538.0,4.0,0.0
304.0,0.0,0.0,0.0,0.0,0.0,0.0,1.0,1.0,3060.0,1648432.0,1648432.0,538.0,0.0,538.0,0.0,538.0,538.0,538.0,538.0,96.0,1.0
305.0,0.0,0.0,0.0,0.0,0.0,0.0,1.0,1.0,3055.0,1577960.0,1577960.0,515.0,0.0,515.0,0.0,515.0,515.0,515.0,515.0,40.0,0.0
305.0,0.0,0.0,0.0,0.0,0.0,0.0,1.0,1.0,3055.0,1577960.0,1577960.0,515.0,0.0,515.0,0.0,515.0,515.0,515.0,515.0,60.0,1.0
306.0,0.0,0.0,0.0,0.0,0.0,0.0,1.0,1.0,3044.0,1571832.0,1571832.0,513.0,0.0,513.0,0.0,513.0,513.0,513.0,513.0,30.0,0.0
306.0,0.0,0.0,0.0,0.0,0.0,0.0,1.0,1.0,3044.0,1571832.0,1571832.0,513.0,0.0,513.0,0.0,513.0,513.0,513.0,513.0,70.0,1.0
307.0,0.0,0.0,0.0,0.0,0.0,0.0,1.0,1.0,3040.0,1568768.0,1568768.0,512.0,0.0,512.0,0.0,512.0,512.0,512.0,512.0,28.999999999999996,0.0
307.0,0.0,0.0,0.0,0.0,0.0,0.0,1.0,1.0,3040.0,1568768.0,1568768.0,512.0,0.0,512.0,0.0,512.0,512.0,512.0,512.0,70.0,1.0
307.0,0.0,0.0,0.0,0.0,0.0,0.0,1.0,1.0,3040.0,1568768.0,1568768.0,512.0,0.0,512.0,0.0,512.0,512.0,512.0,512.0,1.0,2.0
308.0,0.0,0.0,0.0,0.0,0.0,0.0,1.0,1.0,3059.0,1544256.0,1544256.0,504.0,0.0,504.0,0.0,504.0,504.0,504.0,504.0,3.0,0.0
308.0,0.0,0.0,0.0,0.0,0.0,0.0,1.0,1.0,3059.0,1544256.0,1544256.0,504.0,0.0,504.0,0.0,504.0,504.0,504.0,504.0,97.0,1.0
309.0,0.0,0.0,0.0,0.0,0.0,0.0,1.0,1.0,3064.0,1489104.0,1489104.0,486.0,0.0,486.0,0.0,486.0,486.0,486.0,486.0,53.0,0.0
309.0,0.0,0.0,0.0,0.0,0.0,0.0,1.0,1.0,3064.0,1489104.0,1489104.0,486.0,0.0,486.0,0.0,486.0,486.0,486.0,486.0,47.0,1.0
310.0,0.0,0.0,0.0,0.0,0.0,0.0,1.0,1.0,3059.0,1473784.0,1473784.0,481.0,0.0,481.0,0.0,481.0,481.0,481.0,481.0,72.0,0.0
310.0,0.0,0.0,0.0,0.0,0.0,0.0,1.0,1.0,3059.0,1473784.0,1473784.0,481.0,0.0,481.0,0.0,481.0,481.0,481.0,481.0,28.000000000000004,1.0
311.0,0.0,0.0,0.0,0.0,0.0,0.0,1.0,1.0,3064.0,1443144.0,1443144.0,471.0,0.0,471.0,0.0,471.0,471.0,471.0,471.0,38.0,0.0
311.0,0.0,0.0,0.0,0.0,0.0,0.0,1.0,1.0,3064.0,1443144.0,1443144.0,471.0,0.0,471.0,0.0,471.0,471.0,471.0,471.0,62.0,1.0
312.0,0.0,0.0,0.0,0.0,0.0,0.0,1.0,1.0,3051.0,1403312.0,1403312.0,458.0,0.0,458.0,0.0,458.0,458.0,458.0,458.0,73.0,0.0
312.0,0.0,0.0,0.0,0.0,0.0,0.0,1.0,1.0,3051.0,1403312.0,1403312.0,458.0,0.0,458.0,0.0,458.0,458.0,458.0,458.0,27.0,1.0
313.0,0.0,0.0,0.0,0.0,0.0,0.0,1.0,1.0,3063.0,1391056.0,1391056.0,454.0,0.0,454.0,0.0,454.0,454.0,454.0,454.0,70.0,0.0
313.0,0.0,0.0,0.0,0.0,0.0,0.0,1.0,1.0,3063.0,1391056.0,1391056.0,454.0,0.0,454.0,0.0,454.0,454.0,454.0,454.0,30.0,1.0
314.0,0.0,0.0,0.0,0.0,0.0,0.0,1.0,1.0,3063.0,1372672.0,1372672.0,448.0,0.0,448.0,0.0,448.0,448.0,448.0,448.0,98.0,0.0
314.0,0.0,0.0,0.0,0.0,0.0,0.0,1.0,1.0,3063.0,1372672.0,1372672.0,448.0,0.0,448.0,0.0,448.0,448.0,448.0,448.0,2.0,1.0
315.0,0.0,0.0,0.0,0.0,0.0,0.0,1.0,1.0,3051.0,1332840.0,1332840.0,435.0,0.0,435.0,0.0,435.0,435.0,435.0,435.0,97.0,0.0
315.0,0.0,0.0,0.0,0.0,0.0,0.0,1.0,1.0,3051.0,1332840.0,1332840.0,435.0,0.0,435.0,0.0,435.0,435.0,435.0,435.0,3.0,1.0
316.0,0.0,0.0,0.0,0.0,0.0,0.0,1.0,1.0,3054.0,1317520.0,1317520.0,430.0,0.0,430.0,0.0,430.0,430.0,430.0,430.0,73.0,0.0
316.0,0.0,0.0,0.0,0.0,0.0,0.0,1.0,1.0,3054.0,1317520.0,1317520.0,430.0,0.0,430.0,0.0,430.0,430.0,430.0,430.0,27.0,1.0
317.0,0.0,0.0,0.0,0.0,0.0,0.0,1.0,1.0,3058.0,1311392.0,1311392.0,428.0,0.0,428.0,0.0,428.0,428.0,428.0,428.0,100.0,0.0
318.0,0.0,0.0,0.0,0.0,0.0,0.0,1.0,1.0,3064.0,1302200.0,1302200.0,425.0,0.0,425.0,0.0,425.0,425.0,425.0,425.0,65.0,0.0
318.0,0.0,0.0,0.0,0.0,0.0,0.0,1.0,1.0,3064.0,1302200.0,1302200.0,425.0,0.0,425.0,0.0,425.0,425.0,425.0,425.0,35.0,1.0
319.0,0.0,0.0,0.0,0.0,0.0,0.0,1.0,1.0,3048.0,1262368.0,1262368.0,412.0,0.0,412.0,0.0,412.0,412.0,412.0,412.0,95.0,0.0
319.0,0.0,0.0,0.0,0.0,0.0,0.0,1.0,1.0,3048.0,1262368.0,1262368.0,412.0,0.0,412.0,0.0,412.0,412.0,412.0,412.0,5.0,1.0
320.0,0.0,0.0,0.0,0.0,0.0,0.0,1.0,1.0,3034.0,1250112.0,1250112.0,408.0,0.0,408.0,0.0,408.0,408.0,408.0,408.0,100.0,0.0
321.0,0.0,0.0,0.0,0.0,0.0,0.0,1.0,1.0,3055.0,1247048.0,1247048.0,407.0,0.0,407.0,0.0,407.0,407.0,407.0,407.0,100.0,0.0
322.0,0.0,0.0,0.0,0.0,0.0,0.0,1.0,1.0,3028.0,1194960.0,1194960.0,390.0,0.0,390.0,0.0,390.0,390.0,390.0,390.0,99.0,0.0
322.0,0.0,0.0,0.0,0.0,0.0,0.0,1.0,1.0,3028.0,1194960.0,1194960.0,390.0,0.0,390.0,0.0,390.0,390.0,390.0,390.0,1.0,1.0
323.0,0.0,0.0,0.0,0.0,0.0,0.0,1.0,1.0,3060.0,1191896.0,1191896.0,389.0,0.0,389.0,0.0,389.0,389.0,389.0,389.0,100.0,0.0
324.0,0.0,0.0,0.0,0.0,0.0,0.0,1.0,1.0,3032.0,1121424.0,1121424.0,366.0,0.0,366.0,0.0,366.0,366.0,366.0,366.0,100.0,0.0
325.0,0.0,0.0,0.0,0.0,0.0,0.0,1.0,1.0,3032.0,1072400.0,1072400.0,350.0,0.0,350.0,0.0,350.0,350.0,350.0,350.0,100.0,0.0
326.0,0.0,0.0,0.0,0.0,0.0,0.0,1.0,1.0,3064.0,1069336.0,1069336.0,349.0,0.0,349.0,0.0,349.0,349.0,349.0,349.0,100.0,0.0
327.0,0.0,0.0,0.0,0.0,0.0,0.0,1.0,1.0,3060.0,1057080.0,1057080.0,345.0,0.0,345.0,0.0,345.0,345.0,345.0,345.0,100.0,0.0
328.0,0.0,0.0,0.0,0.0,0.0,0.0,1.0,1.0,2971.0,1026440.0,1026440.0,335.0,0.0,335.0,0.0,335.0,335.0,335.0,335.0,100.0,0.0
329.0,0.0,0.0,0.0,0.0,0.0,0.0,1.0,1.0,3064.0,998864.0,998864.0,326.0,0.0,326.0,0.0,326.0,326.0,326.0,326.0,100.0,0.0
330.0,0.0,0.0,0.0,0.0,0.0,0.0,1.0,1.0,3063.0,971288.0,971288.0,317.0,0.0,317.0,0.0,317.0,317.0,317.0,317.0,100.0,0.0
331.0,0.0,0.0,0.0,0.0,0.0,0.0,1.0,1.0,3043.0,940648.0,940648.0,307.0,0.0,307.0,0.0,307.0,307.0,307.0,307.0,100.0,0.0
332.0,0.0,0.0,0.0,0.0,0.0,0.0,1.0,1.0,3000.0,913072.0,913072.0,298.0,0.0,298.0,0.0,298.0,298.0,298.0,298.0,100.0,0.0
333.0,0.0,0.0,0.0,0.0,0.0,0.0,1.0,1.0,3027.0,900816.0,900816.0,294.0,0.0,294.0,0.0,294.0,294.0,294.0,294.0,100.0,0.0
334.0,0.0,0.0,0.0,0.0,0.0,0.0,1.0,1.0,3056.0,848728.0,848728.0,277.0,0.0,277.0,0.0,277.0,277.0,277.0,277.0,100.0,0.0
335.0,0.0,0.0,0.0,0.0,0.0,0.0,1.0,1.0,3056.0,808896.0,808896.0,264.0,0.0,264.0,0.0,264.0,264.0,264.0,264.0,100.0,0.0
336.0,0.0,0.0,0.0,0.0,0.0,0.0,1.0,1.0,3054.0,793576.0,793576.0,259.0,0.0,259.0,0.0,259.0,259.0,259.0,259.0,100.0,0.0
337.0,0.0,0.0,0.0,0.0,0.0,0.0,1.0,1.0,3053.0,778256.0,778256.0,254.0,0.0,254.0,0.0,254.0,254.0,254.0,254.0,100.0,0.0
338.0,0.0,0.0,0.0,0.0,0.0,0.0,1.0,1.0,3032.0,769064.0,769064.0,251.0,0.0,251.0,0.0,251.0,251.0,251.0,251.0,100.0,0.0
339.0,0.0,0.0,0.0,0.0,0.0,0.0,1.0,1.0,3063.0,738424.0,738424.0,241.0,0.0,241.0,0.0,241.0,241.0,241.0,241.0,100.0,0.0
340.0,0.0,0.0,0.0,0.0,0.0,0.0,1.0,1.0,3047.0,729232.0,729232.0,238.0,0.0,238.0,0.0,238.0,238.0,238.0,238.0,100.0,0.0
341.0,0.0,0.0,0.0,0.0,0.0,0.0,1.0,1.0,2991.0,713912.0,713912.0,233.0,0.0,233.0,0.0,233.0,233.0,233.0,233.0,100.0,0.0
342.0,0.0,0.0,0.0,0.0,0.0,0.0,1.0,1.0,3053.0,689400.0,689400.0,225.0,0.0,225.0,0.0,225.0,225.0,225.0,225.0,100.0,0.0
343.0,0.0,0.0,0.0,0.0,0.0,0.0,1.0,1.0,3039.0,680208.0,680208.0,222.0,0.0,222.0,0.0,222.0,222.0,222.0,222.0,100.0,0.0
344.0,0.0,0.0,0.0,0.0,0.0,0.0,1.0,1.0,3032.0,643440.0,643440.0,210.0,0.0,210.0,0.0,210.0,210.0,210.0,210.0,100.0,0.0
345.0,0.0,0.0,0.0,0.0,0.0,0.0,1.0,1.0,3064.0,628120.0,628120.0,205.0,0.0,205.0,0.0,205.0,205.0,205.0,205.0,100.0,0.0
346.0,0.0,0.0,0.0,0.0,0.0,0.0,1.0,1.0,3038.0,582160.0,582160.0,190.0,0.0,190.0,0.0,190.0,190.0,190.0,190.0,100.0,0.0
347.0,0.0,0.0,0.0,0.0,0.0,0.0,1.0,1.0,3043.0,579096.0,579096.0,189.0,0.0,189.0,0.0,189.0,189.0,189.0,189.0,100.0,0.0
348.0,0.0,0.0,0.0,0.0,0.0,0.0,1.0,1.0,3036.0,523944.0,523944.0,171.0,0.0,171.0,0.0,171.0,171.0,171.0,171.0,100.0,0.0
349.0,0.0,0.0,0.0,0.0,0.0,0.0,1.0,1.0,3008.0,514752.0,514752.0,168.0,0.0,168.0,0.0,168.0,168.0,168.0,168.0,100.0,0.0
350.0,0.0,0.0,0.0,0.0,0.0,0.0,1.0,1.0,3056.0,462664.0,462664.0,151.0,0.0,151.0,0.0,151.0,151.0,151.0,151.0,100.0,0.0
351.0,0.0,0.0,0.0,0.0,0.0,0.0,1.0,1.0,3036.0,432024.0,432024.0,141.0,0.0,141.0,0.0,141.0,141.0,141.0,141.0,100.0,0.0
352.0,0.0,0.0,0.0,0.0,0.0,0.0,1.0,1.0,3046.0,428960.0,428960.0,140.0,0.0,140.0,0.0,140.0,140.0,140.0,140.0,100.0,0.0
353.0,0.0,0.0,0.0,0.0,0.0,0.0,1.0,1.0,3059.0,413640.0,413640.0,135.0,0.0,135.0,0.0,135.0,135.0,135.0,135.0,100.0,0.0
354.0,0.0,0.0,0.0,0.0,0.0,0.0,1.0,1.0,3019.0,352360.0,352360.0,115.0,0.0,115.0,0.0,115.0,115.0,115.0,115.0,100.0,0.0
355.0,0.0,0.0,0.0,0.0,0.0,0.0,1.0,1.0,3015.0,349296.0,349296.0,114.0,0.0,114.0,0.0,114.0,114.0,114.0,114.0,100.0,0.0
356.0,0.0,0.0,0.0,0.0,0.0,0.0,1.0,1.0,3034.0,340104.0,340104.0,111.0,0.0,111.0,0.0,111.0,111.0,111.0,111.0,100.0,0.0
357.0,0.0,0.0,0.0,0.0,0.0,0.0,1.0,1.0,2863.0,312528.0,312528.0,102.0,0.0,102.0,0.0,102.0,102.0,102.0,102.0,100.0,0.0
358.0,0.0,0.0,0.0,0.0,0.0,0.0,1.0,1.0,2960.0,272696.0,272696.0,89.0,0.0,89.0,0.0,89.0,89.0,89.0,89.0,100.0,0.0
359.0,0.0,0.0,0.0,0.0,0.0,0.0,1.0,1.0,2811.0,238992.0,238992.0,78.0,0.0,78.0,0.0,78.0,78.0,78.0,78.0,100.0,0.0
360.0,0.0,0.0,0.0,0.0,0.0,0.0,1.0,1.0,2963.0,226736.0,226736.0,74.0,0.0,74.0,0.0,74.0,74.0,74.0,74.0,100.0,0.0
361.0,0.0,0.0,0.0,0.0,0.0,0.0,1.0,1.0,2907.0,193032.0,193032.0,63.0,0.0,63.0,0.0,63.0,63.0,63.0,63.0,100.0,0.0
362.0,0.0,0.0,0.0,0.0,0.0,0.0,1.0,1.0,3031.0,174648.0,174648.0,57.0,0.0,57.0,0.0,57.0,57.0,57.0,57.0,100.0,0.0
363.0,0.0,0.0,0.0,0.0,0.0,0.0,1.0,1.0,2959.0,165456.0,165456.0,54.0,0.0,54.0,0.0,54.0,54.0,54.0,54.0,100.0,0.0
364.0,0.0,0.0,0.0,0.0,0.0,0.0,1.0,1.0,2940.0,113368.0,113368.0,37.0,0.0,37.0,0.0,37.0,37.0,37.0,37.0,100.0,0.0
365.0,0.0,0.0,0.0,0.0,0.0,0.0,1.0,1.0,2912.0,110304.0,110304.0,36.0,0.0,36.0,0.0,36.0,36.0,36.0,36.0,100.0,0.0
366.0,0.0,0.0,0.0,0.0,0.0,0.0,1.0,1.0,2980.0,98048.0,98048.0,32.0,0.0,32.0,0.0,32.0,32.0,32.0,32.0,100.0,0.0
367.0,0.0,0.0,0.0,0.0,0.0,0.0,1.0,1.0,3049.0,70472.0,70472.0,23.0,0.0,23.0,0.0,23.0,23.0,23.0,23.0,100.0,0.0
368.0,0.0,0.0,0.0,0.0,0.0,0.0,1.0,1.0,2708.0,67408.0,67408.0,22.0,0.0,22.0,0.0,22.0,22.0,22.0,22.0,100.0,0.0
