id,T1,T2,T3,T4,T5,T6,T7,T8,T9,T10,"KeyExchangeServer.KeyExchangeServer(a,b,c)",KeyExchangeServer.KeyExchangeServer(),KeyExchangeServer.KeyExchangeServer(a),KeyExchangeServer.getModules(),KeyExchangeServer.getGenerator(),KeyExchangeServer.getPublicKey(),KeyExchangeServer.generateMasterSecret(a),"ModPow.modPow(a,b,c)","BigInteger.multiply(a,b)","BigInteger.add(a,b)",BigInteger.shiftLeft(a),"OptimizedMultiplier.standardMultiply(a,b)",BigInteger.shiftRight(a),OptimizedMultiplier.fastMultiply,"BigInteger.subtract(a,b)",OptimizedMultiplierHelper0.OptimizedMultiplierHelper0(a),OptimizedMultiplierHelper0.getValue(),OptimizedMultiplierHelper1.OptimizedMultiplierHelper1(a),OptimizedMultiplierHelper1.getValue()
1,2797,2662,2611,2634,2669,2621,2615,2685,2593,2599,0,0,0,0,0,0,1,1,3064,9385032,9385032,3063,0,3063,0,3063,3063,3063,3063
2,2581,2614,2612,2584,2605,2568,2568,2569,2598,2620,0,0,0,0,0,0,1,1,3064,9320688,9320688,3042,0,3042,0,3042,3042,3042,3042
3,2610,2577,2570,2624,2618,2648,2616,2562,2591,2626,0,0,0,0,0,0,1,1,3064,9290048,9290048,3032,0,3032,0,3032,3032,3032,3032
4,2675,2617,2568,2685,2575,2647,2579,2576,2586,2650,0,0,0,0,0,0,1,1,3064,9277792,9277792,3028,0,3028,0,3028,3028,3028,3028
5,2579,2600,2620,2591,2564,2549,2611,2578,2562,2566,0,0,0,0,0,0,1,1,3064,9244088,9244088,3017,0,3017,0,3017,3017,3017,3017
6,2553,2550,2567,2597,2558,2580,2569,2579,2617,2594,0,0,0,0,0,0,1,1,3064,9234896,9234896,3014,0,3014,0,3014,3014,3014,3014
7,2550,2622,2561,2530,2530,2566,2569,2553,2607,2521,0,0,0,0,0,0,1,1,3064,9185872,9185872,2998,0,2998,0,2998,2998,2998,2998
8,2529,2551,2559,2531,2522,2554,2547,2654,2573,2566,0,0,0,0,0,0,1,1,3064,9167488,9167488,2992,0,2992,0,2992,2992,2992,2992
9,2532,2506,2531,2588,2515,2519,2563,2533,2514,2525,0,0,0,0,0,0,1,1,3064,9161360,9161360,2990,0,2990,0,2990,2990,2990,2990
10,2581,2575,2529,2555,2531,2583,2557,2557,2706,2573,0,0,0,0,0,0,1,1,3064,9139912,9139912,2983,0,2983,0,2983,2983,2983,2983
11,2533,2572,2556,2542,2580,2532,2571,2523,2523,2562,0,0,0,0,0,0,1,1,3064,9112336,9112336,2974,0,2974,0,2974,2974,2974,2974
12,2562,2597,2574,2609,2805,2579,2567,2546,2512,2604,0,0,0,0,0,0,1,1,3064,9038800,9038800,2950,0,2950,0,2950,2950,2950,2950
13,2491,2498,2496,2529,2567,2499,2628,2543,2532,2513,0,0,0,0,0,0,1,1,3064,9026544,9026544,2946,0,2946,0,2946,2946,2946,2946
14,2483,2508,2489,2500,2587,2523,2492,2482,2555,2508,0,0,0,0,0,0,1,1,3064,9023480,9023480,2945,0,2945,0,2945,2945,2945,2945
15,2499,2518,2488,2512,2474,2508,2552,2505,2476,2491,0,0,0,0,0,0,1,1,3064,9008160,9008160,2940,0,2940,0,2940,2940,2940,2940
16,2456,2450,2474,2641,2482,2550,2466,2444,2529,2529,0,0,0,0,0,0,1,1,3064,8953008,8953008,2922,0,2922,0,2922,2922,2922,2922
17,2437,2441,2500,2489,2574,2460,2446,2449,2463,2484,0,0,0,0,0,0,1,1,3064,8870280,8870280,2895,0,2895,0,2895,2895,2895,2895
18,2464,2478,2466,2525,2461,2498,2450,2451,2610,2492,0,0,0,0,0,0,1,1,3064,8864152,8864152,2893,0,2893,0,2893,2893,2893,2893
19,2444,2439,2438,2486,2461,2504,2447,2447,2471,2436,0,0,0,0,0,0,1,1,3064,8864152,8864152,2893,0,2893,0,2893,2893,2893,2893
20,2441,2454,2438,2445,2434,2539,2485,2450,2434,2441,0,0,0,0,0,0,1,1,3064,8839640,8839640,2885,0,2885,0,2885,2885,2885,2885
21,2475,2424,2436,2515,2469,2426,2427,2435,2446,2436,0,0,0,0,0,0,1,1,3064,8836576,8836576,2884,0,2884,0,2884,2884,2884,2884
22,2488,2594,2446,2463,2475,2444,2501,2486,2488,2439,0,0,0,0,0,0,1,1,3064,8824320,8824320,2880,0,2880,0,2880,2880,2880,2880
23,2436,2430,2421,2461,2447,2477,2427,2424,2416,2460,0,0,0,0,0,0,1,1,3064,8815128,8815128,2877,0,2877,0,2877,2877,2877,2877
24,2408,2492,2423,2443,2494,2415,2442,2440,2424,2430,0,0,0,0,0,0,1,1,3063,8799808,8799808,2872,0,2872,0,2872,2872,2872,2872
25,2612,2553,2485,2410,2602,2537,2460,2492,2447,2501,0,0,0,0,0,0,1,1,3064,8796744,8796744,2871,0,2871,0,2871,2871,2871,2871
26,2412,2393,2459,2459,2525,2402,2417,2407,2438,2476,0,0,0,0,0,0,1,1,3064,8729336,8729336,2849,0,2849,0,2849,2849,2849,2849
27,2419,2400,2444,2422,2393,2440,2609,2408,2391,2401,0,0,0,0,0,0,1,1,3064,8717080,8717080,2845,0,2845,0,2845,2845,2845,2845
28,2381,2379,2461,2397,2405,2386,2377,2381,2386,2407,0,0,0,0,0,0,1,1,3064,8603712,8603712,2808,0,2808,0,2808,2808,2808,2808
29,2413,2379,2353,2352,2369,2381,2401,2382,2360,2345,0,0,0,0,0,0,1,1,3064,8585328,8585328,2802,0,2802,0,2802,2802,2802,2802
30,2429,2383,2357,2425,2377,2372,2401,2366,2382,2379,0,0,0,0,0,0,1,1,3064,8582264,8582264,2801,0,2801,0,2801,2801,2801,2801
31,2393,2494,2390,2438,2410,2377,2358,2386,2362,2387,0,0,0,0,0,0,1,1,3064,8570008,8570008,2797,0,2797,0,2797,2797,2797,2797
32,2343,2386,2343,2356,2356,2389,2382,2457,2337,2357,0,0,0,0,0,0,1,1,3064,8548560,8548560,2790,0,2790,0,2790,2790,2790,2790
33,2362,2347,2333,2400,2356,2378,2367,2351,2377,2346,0,0,0,0,0,0,1,1,3064,8536304,8536304,2786,0,2786,0,2786,2786,2786,2786
34,2364,2371,2434,2359,2354,2397,2330,2418,2389,2393,0,0,0,0,0,0,1,1,3064,8508728,8508728,2777,0,2777,0,2777,2777,2777,2777
35,2385,2332,2372,2351,2371,2330,2356,2355,2365,2400,0,0,0,0,0,0,1,1,3064,8478088,8478088,2767,0,2767,0,2767,2767,2767,2767
36,2335,2502,2306,2341,2317,2301,2336,2420,2326,2334,0,0,0,0,0,0,1,1,3064,8419872,8419872,2748,0,2748,0,2748,2748,2748,2748
37,2311,2291,2330,2309,2337,2383,2321,2281,2288,2288,0,0,0,0,0,0,1,1,3064,8386168,8386168,2737,0,2737,0,2737,2737,2737,2737
38,2516,2300,2291,2332,2306,2321,2361,2328,2306,2436,0,0,0,0,0,0,1,1,3064,8349400,8349400,2725,0,2725,0,2725,2725,2725,2725
39,2291,2304,2295,2341,2360,2311,2335,2299,2306,2279,0,0,0,0,0,0,1,1,3064,8346336,8346336,2724,0,2724,0,2724,2724,2724,2724
40,2306,2306,2293,2311,2327,2295,2294,2306,2283,2333,0,0,0,0,0,0,1,1,3062,8297312,8297312,2708,0,2708,0,2708,2708,2708,2708
41,2296,2290,2358,2340,2312,2352,2305,2323,2311,2309,0,0,0,0,0,0,1,1,3064,8288120,8288120,2705,0,2705,0,2705,2705,2705,2705
42,2302,2298,2269,2273,2320,2291,2296,2311,2406,2275,0,0,0,0,0,0,1,1,3064,8281992,8281992,2703,0,2703,0,2703,2703,2703,2703
43,2309,2337,2312,2280,2385,2434,2309,2326,2307,2280,0,0,0,0,0,0,1,1,3064,8281992,8281992,2703,0,2703,0,2703,2703,2703,2703
44,2306,2268,2285,2317,2345,2333,2303,2290,2279,2333,0,0,0,0,0,0,1,1,3064,8278928,8278928,2702,0,2702,0,2702,2702,2702,2702
45,2272,2257,2251,2279,2272,2302,2305,2258,2276,2267,0,0,0,0,0,0,1,1,3064,8187008,8187008,2672,0,2672,0,2672,2672,2672,2672
46,2323,2296,2261,2304,2351,2262,2278,2352,2277,2425,0,0,0,0,0,0,1,1,3064,8177816,8177816,2669,0,2669,0,2669,2669,2669,2669
47,2246,2422,2268,2303,2279,2246,2277,2277,2287,2277,0,0,0,0,0,0,1,1,3064,8150240,8150240,2660,0,2660,0,2660,2660,2660,2660
48,2259,2244,2234,2240,2307,2261,2287,2223,2256,2261,0,0,0,0,0,0,1,1,3060,8147176,8147176,2659,0,2659,0,2659,2659,2659,2659
49,2297,2264,2312,2300,2267,2353,2247,2325,2287,2262,0,0,0,0,0,0,1,1,3064,8137984,8137984,2656,0,2656,0,2656,2656,2656,2656
50,2220,2248,2252,2273,2287,2238,2283,2256,2230,2253,0,0,0,0,0,0,1,1,3064,8119600,8119600,2650,0,2650,0,2650,2650,2650,2650
51,2265,2265,2646,2244,2257,2219,2261,2256,2317,2249,0,0,0,0,0,0,1,1,3064,8095088,8095088,2642,0,2642,0,2642,2642,2642,2642
52,2233,2195,2219,2264,2213,2229,2232,2216,2267,2248,0,0,0,0,0,0,1,1,3064,8012360,8012360,2615,0,2615,0,2615,2615,2615,2615
53,2194,2211,2253,2233,2228,2242,2214,2223,2236,2212,0,0,0,0,0,0,1,1,3064,8003168,8003168,2612,0,2612,0,2612,2612,2612,2612
54,2212,2189,2231,2239,2228,2186,2214,2210,2226,2223,0,0,0,0,0,0,1,1,3064,7987848,7987848,2607,0,2607,0,2607,2607,2607,2607
55,2170,2227,2213,2218,2213,2179,2209,2193,2206,2180,0,0,0,0,0,0,1,1,3064,7935760,7935760,2590,0,2590,0,2590,2590,2590,2590
56,2263,2227,2171,2207,2239,2249,2182,2237,2216,2197,0,0,0,0,0,0,1,1,3064,7914312,7914312,2583,0,2583,0,2583,2583,2583,2583
57,2228,2254,2188,2187,2187,2204,2230,2232,2218,2172,0,0,0,0,0,0,1,1,3063,7886736,7886736,2574,0,2574,0,2574,2574,2574,2574
58,2144,2197,2200,2181,2168,2180,2156,2170,2196,2141,0,0,0,0,0,0,1,1,3064,7819328,7819328,2552,0,2552,0,2552,2552,2552,2552
59,2149,2240,2151,2166,2187,2142,2137,2138,2186,2165,0,0,0,0,0,0,1,1,3062,7810136,7810136,2549,0,2549,0,2549,2549,2549,2549
60,2173,2206,2161,2147,2154,2149,2188,2221,2164,2158,0,0,0,0,0,0,1,1,3064,7800944,7800944,2546,0,2546,0,2546,2546,2546,2546
61,2202,2136,2182,2179,2181,2298,2142,2170,2138,2179,0,0,0,0,0,0,1,1,3064,7791752,7791752,2543,0,2543,0,2543,2543,2543,2543
62,2151,2195,2188,2219,2185,2171,2167,2151,2163,2161,0,0,0,0,0,0,1,1,3064,7782560,7782560,2540,0,2540,0,2540,2540,2540,2540
63,2174,2129,2157,2154,2179,2158,2201,2164,2131,2181,0,0,0,0,0,0,1,1,3064,7761112,7761112,2533,0,2533,0,2533,2533,2533,2533
64,2208,2414,2180,2174,2206,2126,2127,2159,2178,2185,0,0,0,0,0,0,1,1,3064,7754984,7754984,2531,0,2531,0,2531,2531,2531,2531
65,2161,2142,2124,2180,2172,2187,2134,2156,2167,2157,0,0,0,0,0,0,1,1,3064,7748856,7748856,2529,0,2529,0,2529,2529,2529,2529
66,2149,2149,2138,2148,2152,2159,2177,2167,2184,2147,0,0,0,0,0,0,1,1,3063,7730472,7730472,2523,0,2523,0,2523,2523,2523,2523
67,2200,2147,2133,2137,2129,2148,2264,2168,2185,2177,0,0,0,0,0,0,1,1,3064,7721280,7721280,2520,0,2520,0,2520,2520,2520,2520
68,2251,2143,2201,2149,2173,2138,2138,2162,2146,2150,0,0,0,0,0,0,1,1,3064,7712088,7712088,2517,0,2517,0,2517,2517,2517,2517
69,2121,2241,2181,2160,2124,2105,2122,2123,2135,2157,0,0,0,0,0,0,1,1,3064,7656936,7656936,2499,0,2499,0,2499,2499,2499,2499
70,2119,2120,2166,2177,2101,2123,2124,2101,2180,2150,0,0,0,0,0,0,1,1,3064,7620168,7620168,2487,0,2487,0,2487,2487,2487,2487
71,2120,2137,2144,2149,2102,2219,2124,2128,2129,2097,0,0,0,0,0,0,1,1,3064,7601784,7601784,2481,0,2481,0,2481,2481,2481,2481
72,2097,2116,2120,2162,2136,2159,2228,2110,2107,2102,0,0,0,0,0,0,1,1,3063,7595656,7595656,2479,0,2479,0,2479,2479,2479,2479
73,2167,2114,2125,2134,2121,2089,2097,2126,2102,2138,0,0,0,0,0,0,1,1,3063,7589528,7589528,2477,0,2477,0,2477,2477,2477,2477
74,2193,2120,2091,2097,2083,2097,2096,2114,2102,2123,0,0,0,0,0,0,1,1,3064,7577272,7577272,2473,0,2473,0,2473,2473,2473,2473
75,2091,2099,2099,2092,2079,2112,2282,2153,2091,2104,0,0,0,0,0,0,1,1,3064,7540504,7540504,2461,0,2461,0,2461,2461,2461,2461
76,2113,2151,2187,2155,2096,2157,2112,2089,2144,2083,0,0,0,0,0,0,1,1,3064,7534376,7534376,2459,0,2459,0,2459,2459,2459,2459
77,2224,2102,2113,2074,2083,2099,2100,2122,2078,2076,0,0,0,0,0,0,1,1,3064,7528248,7528248,2457,0,2457,0,2457,2457,2457,2457
78,2054,2058,2085,2127,2077,2066,2074,2062,2072,2053,0,0,0,0,0,0,1,1,3064,7485352,7485352,2443,0,2443,0,2443,2443,2443,2443
79,2049,2064,2057,2135,2122,2075,2088,2052,2047,2058,0,0,0,0,0,0,1,1,3063,7476160,7476160,2440,0,2440,0,2440,2440,2440,2440
80,2073,2042,2090,2020,2063,2016,2035,2035,2106,2059,0,0,0,0,0,0,1,1,3064,7359728,7359728,2402,0,2402,0,2402,2402,2402,2402
81,2042,2046,2062,2083,2063,2057,2029,2170,2049,2069,0,0,0,0,0,0,1,1,3064,7341344,7341344,2396,0,2396,0,2396,2396,2396,2396
82,2020,2020,2017,2066,2052,2077,2078,2053,2032,2026,0,0,0,0,0,0,1,1,3064,7304576,7304576,2384,0,2384,0,2384,2384,2384,2384
83,2024,2060,2046,2048,2008,2013,2018,2006,2020,2006,0,0,0,0,0,0,1,1,3064,7283128,7283128,2377,0,2377,0,2377,2377,2377,2377
84,2021,2006,2011,2017,1999,2018,2041,2006,2020,2031,0,0,0,0,0,0,1,1,3064,7234104,7234104,2361,0,2361,0,2361,2361,2361,2361
85,2005,2055,1996,2138,2123,2009,2004,1996,2039,2018,0,0,0,0,0,0,1,1,3064,7218784,7218784,2356,0,2356,0,2356,2356,2356,2356
86,2018,1981,2025,2010,2001,2003,2010,2105,1976,2016,0,0,0,0,0,0,1,1,3064,7215720,7215720,2355,0,2355,0,2355,2355,2355,2355
87,2020,2023,1990,2003,2032,1999,2036,1988,2037,2000,0,0,0,0,0,0,1,1,3060,7182016,7182016,2344,0,2344,0,2344,2344,2344,2344
88,1974,1980,1992,2056,2004,2008,1985,1971,2013,2000,0,0,0,0,0,0,1,1,3064,7166696,7166696,2339,0,2339,0,2339,2339,2339,2339
89,1994,1998,1967,1981,1960,1968,1971,1975,2017,1971,0,0,0,0,0,0,1,1,3064,7071712,7071712,2308,0,2308,0,2308,2308,2308,2308
90,1981,1946,1986,1959,1961,1977,2009,1992,1983,1977,0,0,0,0,0,0,1,1,3064,7071712,7071712,2308,0,2308,0,2308,2308,2308,2308
91,1966,1996,1961,1978,1947,1950,1978,1933,1928,1972,0,0,0,0,0,0,1,1,3064,7016560,7016560,2290,0,2290,0,2290,2290,2290,2290
92,1956,1950,1937,1933,1966,1941,1997,1990,1964,1942,0,0,0,0,0,0,1,1,3064,7007368,7007368,2287,0,2287,0,2287,2287,2287,2287
93,1968,1952,1931,1941,1952,1953,1945,1988,1946,1926,0,0,0,0,0,0,1,1,3063,6955280,6955280,2270,0,2270,0,2270,2270,2270,2270
94,1931,1915,1907,1948,1923,1950,1912,2104,1923,1943,0,0,0,0,0,0,1,1,3064,6933832,6933832,2263,0,2263,0,2263,2263,2263,2263
95,1954,1898,2091,1890,1949,1902,1893,1952,1890,1938,0,0,0,0,0,0,1,1,3060,6890936,6890936,2249,0,2249,0,2249,2249,2249,2249
96,1914,1922,1907,1936,1963,1933,1944,1902,1941,1909,0,0,0,0,0,0,1,1,3064,6887872,6887872,2248,0,2248,0,2248,2248,2248,2248
97,1929,1888,1944,1928,1940,1892,1886,1892,1909,1888,0,0,0,0,0,0,1,1,3064,6860296,6860296,2239,0,2239,0,2239,2239,2239,2239
98,1903,1910,1899,1896,1906,1912,1892,1927,1892,1913,0,0,0,0,0,0,1,1,3064,6854168,6854168,2237,0,2237,0,2237,2237,2237,2237
99,1919,1954,1877,1887,1922,1998,1931,1959,1898,1933,0,0,0,0,0,0,1,1,3064,6854168,6854168,2237,0,2237,0,2237,2237,2237,2237
100,1903,1909,1903,1926,1931,1931,1914,1914,1901,1927,0,0,0,0,0,0,1,1,3061,6792888,6792888,2217,0,2217,0,2217,2217,2217,2217
101,1881,1908,1913,1871,1891,1864,1847,1869,1883,1875,0,0,0,0,0,0,1,1,3062,6731608,6731608,2197,0,2197,0,2197,2197,2197,2197
102,1849,1880,1868,1871,1891,1911,1899,1884,1852,1858,0,0,0,0,0,0,1,1,3064,6719352,6719352,2193,0,2193,0,2193,2193,2193,2193
103,1853,1844,1865,1868,1871,1842,1841,1847,1847,1888,0,0,0,0,0,0,1,1,3064,6655008,6655008,2172,0,2172,0,2172,2172,2172,2172
104,2103,1860,1819,1878,1853,1849,1958,1953,1883,1850,0,0,0,0,0,0,1,1,3064,6639688,6639688,2167,0,2167,0,2167,2167,2167,2167
105,1904,1843,1855,1861,1852,1851,1825,1845,1930,1872,0,0,0,0,0,0,1,1,3064,6624368,6624368,2162,0,2162,0,2162,2162,2162,2162
106,1891,1830,1863,1836,1846,1844,1833,1880,1874,2007,0,0,0,0,0,0,1,1,3064,6621304,6621304,2161,0,2161,0,2161,2161,2161,2161
107,1909,1945,1998,1837,1856,1845,1872,1827,1821,1867,0,0,0,0,0,0,1,1,3064,6615176,6615176,2159,0,2159,0,2159,2159,2159,2159
108,1865,1827,1938,1844,1819,1813,1809,1828,1807,1826,0,0,0,0,0,0,1,1,3063,6544704,6544704,2136,0,2136,0,2136,2136,2136,2136
109,1881,1806,1795,1816,1830,1825,1799,1803,1804,1814,0,0,0,0,0,0,1,1,3064,6523256,6523256,2129,0,2129,0,2129,2129,2129,2129
110,1803,1800,1805,1793,1811,1809,1800,1836,1856,1808,0,0,0,0,0,0,1,1,3064,6507936,6507936,2124,0,2124,0,2124,2124,2124,2124
111,1783,1901,1812,1807,1798,1781,1798,1784,1800,1781,0,0,0,0,0,0,1,1,3064,6498744,6498744,2121,0,2121,0,2121,2121,2121,2121
112,1843,1781,1801,1786,1827,1798,1809,1838,1826,1816,0,0,0,0,0,0,1,1,3063,6477296,6477296,2114,0,2114,0,2114,2114,2114,2114
113,1811,1790,1778,1907,1825,1812,1818,1813,1816,1807,0,0,0,0,0,0,1,1,3063,6471168,6471168,2112,0,2112,0,2112,2112,2112,2112
114,1845,1803,1791,1823,1800,1818,1809,1829,1826,1831,0,0,0,0,0,0,1,1,3064,6468104,6468104,2111,0,2111,0,2111,2111,2111,2111
115,1831,1794,1808,1777,1790,1770,1782,1765,1797,1784,0,0,0,0,0,0,1,1,3064,6437464,6437464,2101,0,2101,0,2101,2101,2101,2101
116,1817,1833,1780,1795,1804,1798,1783,1782,1770,1807,0,0,0,0,0,0,1,1,3064,6385376,6385376,2084,0,2084,0,2084,2084,2084,2084
117,1754,1753,1783,1767,1838,1748,1757,1785,1748,1773,0,0,0,0,0,0,1,1,3064,6345544,6345544,2071,0,2071,0,2071,2071,2071,2071
118,1773,1752,1754,1887,1734,1784,1795,1769,1749,1740,0,0,0,0,0,0,1,1,3064,6324096,6324096,2064,0,2064,0,2064,2064,2064,2064
119,1746,1756,1757,1771,1780,1784,1744,1738,1753,1740,0,0,0,0,0,0,1,1,3063,6308776,6308776,2059,0,2059,0,2059,2059,2059,2059
120,1766,1733,1900,1774,1781,1800,1738,1755,1740,1737,0,0,0,0,0,0,1,1,3063,6281200,6281200,2050,0,2050,0,2050,2050,2050,2050
121,1756,1762,1769,1751,1779,1747,1748,1734,1759,1759,0,0,0,0,0,0,1,1,3063,6268944,6268944,2046,0,2046,0,2046,2046,2046,2046
122,1743,1753,1713,1847,1753,1717,1749,1724,1745,1757,0,0,0,0,0,0,1,1,3063,6226048,6226048,2032,0,2032,0,2032,2032,2032,2032
123,1734,1855,1736,1724,1746,1764,1773,1716,1737,1758,0,0,0,0,0,0,1,1,3064,6216856,6216856,2029,0,2029,0,2029,2029,2029,2029
124,1694,1725,1748,1827,1697,1704,1724,1703,1717,1706,0,0,0,0,0,0,1,1,3064,6115744,6115744,1996,0,1996,0,1996,1996,1996,1996
125,1698,1702,1747,1695,1688,1735,1721,1745,1741,1735,0,0,0,0,0,0,1,1,3062,6109616,6109616,1994,0,1994,0,1994,1994,1994,1994
126,1684,1690,1688,1748,1701,1726,1757,1731,1727,1703,0,0,0,0,0,0,1,1,3064,6097360,6097360,1990,0,1990,0,1990,1990,1990,1990
127,1671,1689,1684,1718,1711,1685,1687,1687,1683,1699,0,0,0,0,0,0,1,1,3064,6088168,6088168,1987,0,1987,0,1987,1987,1987,1987
128,1701,1685,1678,1698,1688,1706,1700,1700,1699,1741,0,0,0,0,0,0,1,1,3064,6069784,6069784,1981,0,1981,0,1981,1981,1981,1981
129,1664,1698,1727,1739,1782,1694,1677,1684,1694,1676,0,0,0,0,0,0,1,1,3063,6057528,6057528,1977,0,1977,0,1977,1977,1977,1977
130,1653,1698,1655,1634,1648,1692,1668,1656,1643,1653,0,0,0,0,0,0,1,1,3064,5947224,5947224,1941,0,1941,0,1941,1941,1941,1941
131,1710,1655,1644,1682,1640,1643,1660,1637,1673,1657,0,0,0,0,0,0,1,1,3064,5941096,5941096,1939,0,1939,0,1939,1939,1939,1939
132,1653,1649,1649,1647,1682,1666,1650,1654,1659,1660,0,0,0,0,0,0,1,1,3064,5928840,5928840,1935,0,1935,0,1935,1935,1935,1935
133,1662,1624,1677,1652,1669,1650,1657,1666,1764,1785,0,0,0,0,0,0,1,1,3062,5901264,5901264,1926,0,1926,0,1926,1926,1926,1926
134,1609,1652,1630,1627,1665,1619,1630,1688,1630,1626,0,0,0,0,0,0,1,1,3064,5855304,5855304,1911,0,1911,0,1911,1911,1911,1911
135,1612,1616,1621,1622,1628,1656,1818,1635,1644,1638,0,0,0,0,0,0,1,1,3064,5818536,5818536,1899,0,1899,0,1899,1899,1899,1899
136,1632,1645,1656,1631,1608,1606,1639,1652,1673,1613,0,0,0,0,0,0,1,1,3064,5809344,5809344,1896,0,1896,0,1896,1896,1896,1896
137,1624,1594,1646,1727,1616,1653,1615,1654,1641,1611,0,0,0,0,0,0,1,1,3063,5797088,5797088,1892,0,1892,0,1892,1892,1892,1892
138,1649,1638,1631,1624,1644,1661,1649,1612,1605,1602,0,0,0,0,0,0,1,1,3064,5787896,5787896,1889,0,1889,0,1889,1889,1889,1889
139,1591,1612,1610,1601,1615,1627,1608,1642,1612,1588,0,0,0,0,0,0,1,1,3064,5772576,5772576,1884,0,1884,0,1884,1884,1884,1884
140,1952,1591,1584,1569,1593,1576,1632,1589,1586,1581,0,0,0,0,0,0,1,1,3064,5717424,5717424,1866,0,1866,0,1866,1866,1866,1866
141,1578,1605,1601,1589,1577,1586,1667,1608,1613,1587,0,0,0,0,0,0,1,1,3064,5711296,5711296,1864,0,1864,0,1864,1864,1864,1864
142,1603,1574,1568,1575,1577,1648,1592,1571,1580,1574,0,0,0,0,0,0,1,1,3064,5692912,5692912,1858,0,1858,0,1858,1858,1858,1858
143,1547,1566,1574,1592,1604,1560,1550,1556,1597,1550,0,0,0,0,0,0,1,1,3064,5640824,5640824,1841,0,1841,0,1841,1841,1841,1841
144,1589,1565,1549,1551,1557,1569,1561,1590,1619,1578,0,0,0,0,0,0,1,1,3062,5628568,5628568,1837,0,1837,0,1837,1837,1837,1837
145,1571,1594,1590,1571,1609,1583,1578,1586,1561,1552,0,0,0,0,0,0,1,1,3063,5619376,5619376,1834,0,1834,0,1834,1834,1834,1834
146,1586,1562,1542,1563,1584,1569,1565,1560,1568,1557,0,0,0,0,0,0,1,1,3063,5616312,5616312,1833,0,1833,0,1833,1833,1833,1833
147,1563,1572,1704,1622,1569,1584,1549,1601,1610,1567,0,0,0,0,0,0,1,1,3061,5613248,5613248,1832,0,1832,0,1832,1832,1832,1832
148,1540,1549,1553,1574,1555,1538,1613,1576,1554,1536,0,0,0,0,0,0,1,1,3063,5591800,5591800,1825,0,1825,0,1825,1825,1825,1825
149,1560,1589,1547,1535,1556,1564,1541,1577,1592,1551,0,0,0,0,0,0,1,1,3062,5539712,5539712,1808,0,1808,0,1808,1808,1808,1808
150,1537,1526,1553,1528,1543,1570,1548,1669,1539,1539,0,0,0,0,0,0,1,1,3063,5530520,5530520,1805,0,1805,0,1805,1805,1805,1805
151,1504,1527,1547,1546,1531,1538,1525,1557,1526,1539,0,0,0,0,0,0,1,1,3064,5481496,5481496,1789,0,1789,0,1789,1789,1789,1789
152,1506,1553,1524,1515,1632,1501,1499,1495,1496,1524,0,0,0,0,0,0,1,1,3064,5411024,5411024,1766,0,1766,0,1766,1766,1766,1766
153,1496,1534,1506,1558,1535,1499,1544,1520,1511,1518,0,0,0,0,0,0,1,1,3064,5401832,5401832,1763,0,1763,0,1763,1763,1763,1763
154,1498,1503,1522,1516,1549,1517,1504,1542,1493,1501,0,0,0,0,0,0,1,1,3064,5389576,5389576,1759,0,1759,0,1759,1759,1759,1759
155,1563,1516,1522,1536,1494,1502,1488,1493,1512,1667,0,0,0,0,0,0,1,1,3061,5383448,5383448,1757,0,1757,0,1757,1757,1757,1757
156,1475,1479,1512,1633,1505,1490,1544,1506,1487,1476,0,0,0,0,0,0,1,1,3064,5352808,5352808,1747,0,1747,0,1747,1747,1747,1747
157,1474,1490,1538,1508,1494,1510,1487,1522,1494,1484,0,0,0,0,0,0,1,1,3064,5349744,5349744,1746,0,1746,0,1746,1746,1746,1746
158,1466,1504,1527,1533,1523,1488,1522,1506,1511,1488,0,0,0,0,0,0,1,1,3064,5346680,5346680,1745,0,1745,0,1745,1745,1745,1745
159,1503,1490,1495,1561,1516,1491,1488,1479,1492,1661,0,0,0,0,0,0,1,1,3058,5343616,5343616,1744,0,1744,0,1744,1744,1744,1744
160,1490,1501,1473,1503,1482,1471,1488,1472,1529,1528,0,0,0,0,0,0,1,1,3063,5340552,5340552,1743,0,1743,0,1743,1743,1743,1743
161,1470,1510,1503,1490,1496,1582,1519,1543,1488,1484,0,0,0,0,0,0,1,1,3064,5285400,5285400,1725,0,1725,0,1725,1725,1725,1725
162,1473,1501,1461,1484,1464,1475,1558,1686,1506,1455,0,0,0,0,0,0,1,1,3063,5208800,5208800,1700,0,1700,0,1700,1700,1700,1700
163,1435,1468,1467,1448,1494,1481,1439,1472,1488,1456,0,0,0,0,0,0,1,1,3064,5205736,5205736,1699,0,1699,0,1699,1699,1699,1699
164,1469,1444,1441,1444,1436,1469,1483,1459,1445,1434,0,0,0,0,0,0,1,1,3063,5162840,5162840,1685,0,1685,0,1685,1685,1685,1685
165,1407,1439,1431,1433,1428,1463,1452,1444,1458,1463,0,0,0,0,0,0,1,1,3064,5132200,5132200,1675,0,1675,0,1675,1675,1675,1675
166,1408,1437,1487,1495,1440,1412,1438,1437,1443,1429,0,0,0,0,0,0,1,1,3064,5092368,5092368,1662,0,1662,0,1662,1662,1662,1662
167,1398,1455,1420,1463,1436,1460,1465,1436,1422,1417,0,0,0,0,0,0,1,1,3062,5073984,5073984,1656,0,1656,0,1656,1656,1656,1656
168,1411,1443,1450,1410,1411,1440,1420,1399,1429,1400,0,0,0,0,0,0,1,1,3063,5040280,5040280,1645,0,1645,0,1645,1645,1645,1645
169,1495,1583,1542,1519,1449,1453,1449,1421,1451,1392,0,0,0,0,0,0,1,1,3064,5034152,5034152,1643,0,1643,0,1643,1643,1643,1643
170,1453,1394,1407,1402,1398,1449,1410,1396,1419,1412,0,0,0,0,0,0,1,1,3062,5024960,5024960,1640,0,1640,0,1640,1640,1640,1640
171,1374,1413,1394,1398,1428,1409,1410,1392,1415,1403,0,0,0,0,0,0,1,1,3063,4982064,4982064,1626,0,1626,0,1626,1626,1626,1626
172,1423,1378,1386,1441,1538,1405,1432,1375,1376,1380,0,0,0,0,0,0,1,1,3063,4957552,4957552,1618,0,1618,0,1618,1618,1618,1618
173,1380,1379,1517,1404,1419,1418,1390,1379,1379,1381,0,0,0,0,0,0,1,1,3063,4942232,4942232,1613,0,1613,0,1613,1613,1613,1613
174,1359,1383,1365,1379,1374,1442,1395,1379,1388,1373,0,0,0,0,0,0,1,1,3063,4936104,4936104,1611,0,1611,0,1611,1611,1611,1611
175,1354,1389,1376,1410,1455,1436,1375,1378,1362,1407,0,0,0,0,0,0,1,1,3064,4920784,4920784,1606,0,1606,0,1606,1606,1606,1606
176,1365,1406,1407,1386,1402,1374,1433,1383,1363,1373,0,0,0,0,0,0,1,1,3063,4914656,4914656,1604,0,1604,0,1604,1604,1604,1604
177,1399,1397,1390,1349,1356,1380,1396,1365,1361,1365,0,0,0,0,0,0,1,1,3063,4847248,4847248,1582,0,1582,0,1582,1582,1582,1582
178,1341,1346,1339,1337,1363,1353,1366,1360,1344,1356,0,0,0,0,0,0,1,1,3064,4825800,4825800,1575,0,1575,0,1575,1575,1575,1575
179,1337,1338,1336,1379,1362,1357,1370,1357,1334,1359,0,0,0,0,0,0,1,1,3062,4804352,4804352,1568,0,1568,0,1568,1568,1568,1568
180,1316,1338,1309,1356,1369,1379,1343,1327,1340,1316,0,0,0,0,0,0,1,1,3060,4727752,4727752,1543,0,1543,0,1543,1543,1543,1543
181,1322,1312,1294,1309,1305,1436,1310,1330,1322,1303,0,0,0,0,0,0,1,1,3062,4700176,4700176,1534,0,1534,0,1534,1534,1534,1534
182,1305,1366,1333,1306,1306,1308,1311,1322,1294,1351,0,0,0,0,0,0,1,1,3063,4651152,4651152,1518,0,1518,0,1518,1518,1518,1518
183,1303,1314,1297,1321,1309,1303,1285,1281,1295,1333,0,0,0,0,0,0,1,1,3061,4638896,4638896,1514,0,1514,0,1514,1514,1514,1514
184,1281,1299,1297,1322,1297,1315,1307,1280,1282,1302,0,0,0,0,0,0,1,1,3063,4629704,4629704,1511,0,1511,0,1511,1511,1511,1511
185,1261,1275,1267,1279,1280,1274,1320,1297,1263,1265,0,0,0,0,0,0,1,1,3064,4556168,4556168,1487,0,1487,0,1487,1487,1487,1487
186,1584,1254,1274,1260,1281,1290,1265,1277,1256,1264,0,0,0,0,0,0,1,1,3064,4550040,4550040,1485,0,1485,0,1485,1485,1485,1485
187,1240,1259,1271,1311,1282,1302,1256,1254,1257,1260,0,0,0,0,0,0,1,1,3063,4528592,4528592,1478,0,1478,0,1478,1478,1478,1478
188,1252,1267,1280,1265,1262,1260,1259,1259,1266,1277,0,0,0,0,0,0,1,1,3060,4510208,4510208,1472,0,1472,0,1472,1472,1472,1472
189,1287,1284,1274,1295,1272,1256,1265,1263,1250,1283,0,0,0,0,0,0,1,1,3064,4504080,4504080,1470,0,1470,0,1470,1470,1470,1470
190,1253,1241,1241,1244,1246,1263,1245,1259,1259,1249,0,0,0,0,0,0,1,1,3064,4464248,4464248,1457,0,1457,0,1457,1457,1457,1457
191,1245,1347,1243,1276,1265,1250,1276,1248,1282,1259,0,0,0,0,0,0,1,1,3063,4445864,4445864,1451,0,1451,0,1451,1451,1451,1451
192,1265,1237,1301,1387,1241,1241,1239,1229,1271,1235,0,0,0,0,0,0,1,1,3064,4442800,4442800,1450,0,1450,0,1450,1450,1450,1450
193,1214,1253,1223,1221,1217,1214,1220,1232,1215,1223,0,0,0,0,0,0,1,1,3063,4387648,4387648,1432,0,1432,0,1432,1432,1432,1432
194,1196,1218,1223,1255,1218,1208,1221,1221,1208,1210,0,0,0,0,0,0,1,1,3064,4360072,4360072,1423,0,1423,0,1423,1423,1423,1423
195,1207,1222,1219,1213,1216,1225,1216,1247,1216,1235,0,0,0,0,0,0,1,1,3062,4353944,4353944,1421,0,1421,0,1421,1421,1421,1421
196,1212,1231,1205,1217,1202,1197,1210,1210,1220,1210,0,0,0,0,0,0,1,1,3056,4344752,4344752,1418,0,1418,0,1418,1418,1418,1418
197,1233,1206,1196,1233,1239,1202,1217,1214,1195,1207,0,0,0,0,0,0,1,1,3064,4317176,4317176,1409,0,1409,0,1409,1409,1409,1409
198,1196,1192,1236,1200,1252,1230,1209,1202,1204,1195,0,0,0,0,0,0,1,1,3060,4298792,4298792,1403,0,1403,0,1403,1403,1403,1403
199,1173,1177,1182,1206,1226,1208,1194,1194,1193,1198,0,0,0,0,0,0,1,1,3063,4265088,4265088,1392,0,1392,0,1392,1392,1392,1392
200,1187,1173,1178,1168,1213,1198,1194,1177,1181,1168,0,0,0,0,0,0,1,1,3064,4228320,4228320,1380,0,1380,0,1380,1380,1380,1380
201,1139,1156,1181,1168,1200,1213,1159,1168,1164,1188,0,0,0,0,0,0,1,1,3064,4167040,4167040,1360,0,1360,0,1360,1360,1360,1360
202,1148,1165,1163,1164,1260,1166,1188,1195,1161,1152,0,0,0,0,0,0,1,1,3064,4154784,4154784,1356,0,1356,0,1356,1356,1356,1356
203,1142,1155,1185,1183,1148,1149,1158,1164,1157,1156,0,0,0,0,0,0,1,1,3062,4151720,4151720,1355,0,1355,0,1355,1355,1355,1355
204,1147,1169,1146,1151,1159,1151,1199,1151,1163,1149,0,0,0,0,0,0,1,1,3064,4139464,4139464,1351,0,1351,0,1351,1351,1351,1351
205,1118,1137,1155,1136,1182,1137,1138,1178,1156,1156,0,0,0,0,0,0,1,1,3064,4093504,4093504,1336,0,1336,0,1336,1336,1336,1336
206,1169,1140,1145,1135,1142,1130,1150,1152,1139,1138,0,0,0,0,0,0,1,1,3062,4084312,4084312,1333,0,1333,0,1333,1333,1333,1333
207,1147,1169,1149,1147,1130,1129,1138,1152,1137,1141,0,0,0,0,0,0,1,1,3064,4078184,4078184,1331,0,1331,0,1331,1331,1331,1331
208,1135,1110,1106,1120,1128,1136,1103,1125,1117,1108,0,0,0,0,0,0,1,1,3063,3974008,3974008,1297,0,1297,0,1297,1297,1297,1297
209,1102,1092,1097,1103,1120,1176,1116,1101,1100,1107,0,0,0,0,0,0,1,1,3064,3949496,3949496,1289,0,1289,0,1289,1289,1289,1289
210,1110,1109,1109,1107,1110,1118,1155,1145,1104,1108,0,0,0,0,0,0,1,1,3063,3943368,3943368,1287,0,1287,0,1287,1287,1287,1287
211,1099,1079,1084,1104,1098,1091,1094,1089,1098,1088,0,0,0,0,0,0,1,1,3064,3934176,3934176,1284,0,1284,0,1284,1284,1284,1284
212,1080,1122,1123,1128,1084,1089,1097,1092,1103,1107,0,0,0,0,0,0,1,1,3060,3921920,3921920,1280,0,1280,0,1280,1280,1280,1280
213,1070,1090,1110,1076,1074,1096,1107,1087,1091,1082,0,0,0,0,0,0,1,1,3064,3891280,3891280,1270,0,1270,0,1270,1270,1270,1270
214,1077,1079,1088,1086,1129,1085,1083,1084,1077,1077,0,0,0,0,0,0,1,1,3064,3882088,3882088,1267,0,1267,0,1267,1267,1267,1267
215,1073,1074,1073,1081,1115,1101,1080,1071,1075,1067,0,0,0,0,0,0,1,1,3060,3863704,3863704,1261,0,1261,0,1261,1261,1261,1261
216,1117,1100,1073,1064,1073,1080,1079,1071,1070,1113,0,0,0,0,0,0,1,1,3063,3845320,3845320,1255,0,1255,0,1255,1255,1255,1255
217,1061,1081,1086,1080,1087,1059,1067,1118,1085,1062,0,0,0,0,0,0,1,1,3062,3823872,3823872,1248,0,1248,0,1248,1248,1248,1248
218,1111,1102,1061,1063,1068,1065,1062,1218,1077,1051,0,0,0,0,0,0,1,1,3051,3811616,3811616,1244,0,1244,0,1244,1244,1244,1244
219,1041,1049,1057,1070,1061,1052,1054,1056,1054,1078,0,0,0,0,0,0,1,1,3061,3765656,3765656,1229,0,1229,0,1229,1229,1229,1229
220,1062,1051,1055,1043,1036,1046,1054,1063,1060,1046,0,0,0,0,0,0,1,1,3064,3728888,3728888,1217,0,1217,0,1217,1217,1217,1217
221,1021,1030,1034,1035,1029,1037,1040,1044,1034,1052,0,0,0,0,0,0,1,1,3064,3707440,3707440,1210,0,1210,0,1210,1210,1210,1210
222,1033,1081,1028,1048,1062,1032,1078,1055,1058,1037,0,0,0,0,0,0,1,1,3058,3692120,3692120,1205,0,1205,0,1205,1205,1205,1205
223,1013,1030,1051,1057,1127,1031,1017,1025,1020,1020,0,0,0,0,0,0,1,1,3061,3652288,3652288,1192,0,1192,0,1192,1192,1192,1192
224,1027,996,1000,999,1007,1004,1122,1006,1020,1053,0,0,0,0,0,0,1,1,3062,3600200,3600200,1175,0,1175,0,1175,1175,1175,1175
225,1036,1009,999,1002,1004,1098,1045,1016,1025,1020,0,0,0,0,0,0,1,1,3061,3597136,3597136,1174,0,1174,0,1174,1174,1174,1174
226,995,1020,1057,1006,1006,1002,1000,1025,1023,1018,0,0,0,0,0,0,1,1,3060,3587944,3587944,1171,0,1171,0,1171,1171,1171,1171
227,1026,995,998,1006,994,1001,1037,995,996,1002,0,0,0,0,0,0,1,1,3064,3569560,3569560,1165,0,1165,0,1165,1165,1165,1165
228,1012,1108,1019,1001,986,983,990,988,994,984,0,0,0,0,0,0,1,1,3064,3545048,3545048,1157,0,1157,0,1157,1157,1157,1157
229,1011,1010,1024,1025,988,995,1004,978,986,1092,0,0,0,0,0,0,1,1,3061,3535856,3535856,1154,0,1154,0,1154,1154,1154,1154
230,964,952,948,964,988,944,957,951,958,950,0,0,0,0,0,0,1,1,3064,3416360,3416360,1115,0,1115,0,1115,1115,1115,1115
231,937,935,941,952,954,985,941,944,947,945,0,0,0,0,0,0,1,1,3057,3376528,3376528,1102,0,1102,0,1102,1102,1102,1102
232,931,941,942,937,946,950,947,939,946,947,0,0,0,0,0,0,1,1,3063,3373464,3373464,1101,0,1101,0,1101,1101,1101,1101
233,924,924,925,932,1038,942,937,932,925,929,0,0,0,0,0,0,1,1,3062,3318312,3318312,1083,0,1083,0,1083,1083,1083,1083
234,924,975,1052,972,936,933,925,926,959,935,0,0,0,0,0,0,1,1,3048,3315248,3315248,1082,0,1082,0,1082,1082,1082,1082
235,909,926,914,920,920,934,921,928,929,931,0,0,0,0,0,0,1,1,3064,3306056,3306056,1079,0,1079,0,1079,1079,1079,1079
236,920,916,912,920,921,924,918,914,921,923,0,0,0,0,0,0,1,1,3062,3296864,3296864,1076,0,1076,0,1076,1076,1076,1076
237,903,931,925,927,923,922,912,919,911,911,0,0,0,0,0,0,1,1,3063,3284608,3284608,1072,0,1072,0,1072,1072,1072,1072
238,901,908,915,917,956,921,922,915,914,951,0,0,0,0,0,0,1,1,3062,3281544,3281544,1071,0,1071,0,1071,1071,1071,1071
239,915,941,908,911,914,922,916,918,912,914,0,0,0,0,0,0,1,1,3064,3275416,3275416,1069,0,1069,0,1069,1069,1069,1069
240,873,875,871,876,875,875,879,870,920,881,0,0,0,0,0,0,1,1,3063,3140600,3140600,1025,0,1025,0,1025,1025,1025,1025
241,879,878,883,880,877,891,888,869,888,879,0,0,0,0,0,0,1,1,3056,3134472,3134472,1023,0,1023,0,1023,1023,1023,1023
242,863,894,905,884,910,872,872,889,880,879,0,0,0,0,0,0,1,1,3056,3122216,3122216,1019,0,1019,0,1019,1019,1019,1019
243,860,896,915,873,874,874,867,866,869,881,0,0,0,0,0,0,1,1,3063,3109960,3109960,1015,0,1015,0,1015,1015,1015,1015
244,874,867,865,869,861,869,901,917,864,868,0,0,0,0,0,0,1,1,3063,3088512,3088512,1008,0,1008,0,1008,1008,1008,1008
245,848,860,856,872,854,855,880,878,860,897,0,0,0,0,0,0,1,1,3056,3070128,3070128,1002,0,1002,0,1002,1002,1002,1002
246,858,861,848,884,860,854,847,849,858,859,0,0,0,0,0,0,1,1,3064,3042552,3042552,993,0,993,0,993,993,993,993
247,836,888,852,863,867,914,843,844,842,838,0,0,0,0,0,0,1,1,3062,2972080,2972080,970,0,970,0,970,970,970,970
248,849,834,835,831,837,833,861,875,835,859,0,0,0,0,0,0,1,1,3064,2965952,2965952,968,0,968,0,968,968,968,968
249,832,842,843,836,847,842,838,837,875,837,0,0,0,0,0,0,1,1,3052,2932248,2932248,957,0,957,0,957,957,957,957
250,858,839,827,823,824,833,835,839,825,822,0,0,0,0,0,0,1,1,3064,2923056,2923056,954,0,954,0,954,954,954,954
251,895,833,819,829,1000,843,988,850,836,832,0,0,0,0,0,0,1,1,3060,2916928,2916928,952,0,952,0,952,952,952,952
252,816,843,819,822,817,814,813,825,821,818,0,0,0,0,0,0,1,1,3064,2913864,2913864,951,0,951,0,951,951,951,951
253,803,798,812,1278,831,916,1223,920,859,886,0,0,0,0,0,0,1,1,3055,2880160,2880160,940,0,940,0,940,940,940,940
254,806,799,811,807,811,803,810,807,807,823,0,0,0,0,0,0,1,1,3050,2877096,2877096,939,0,939,0,939,939,939,939
255,795,822,836,844,818,811,821,819,824,819,0,0,0,0,0,0,1,1,3063,2846456,2846456,929,0,929,0,929,929,929,929
256,781,782,793,796,793,796,803,786,795,794,0,0,0,0,0,0,1,1,3064,2797432,2797432,913,0,913,0,913,913,913,913
257,1125,784,792,799,786,792,792,800,809,802,0,0,0,0,0,0,1,1,3063,2782112,2782112,908,0,908,0,908,908,908,908
258,764,790,778,791,780,780,776,780,808,807,0,0,0,0,0,0,1,1,3056,2717768,2717768,887,0,887,0,887,887,887,887
259,756,769,769,769,776,763,782,802,772,776,0,0,0,0,0,0,1,1,3060,2714704,2714704,886,0,886,0,886,886,886,886
260,752,767,756,768,770,765,756,766,783,777,0,0,0,0,0,0,1,1,3062,2693256,2693256,879,0,879,0,879,879,879,879
261,767,760,804,1014,763,763,762,771,780,766,0,0,0,0,0,0,1,1,3064,2668744,2668744,871,0,871,0,871,871,871,871
262,868,764,750,769,750,754,793,756,757,756,0,0,0,0,0,0,1,1,3064,2662616,2662616,869,0,869,0,869,869,869,869
263,767,743,756,749,760,797,759,773,793,749,0,0,0,0,0,0,1,1,3063,2638104,2638104,861,0,861,0,861,861,861,861
264,721,734,728,762,735,737,761,818,805,736,0,0,0,0,0,0,1,1,3052,2567632,2567632,838,0,838,0,838,838,838,838
265,724,724,783,759,725,746,728,732,723,730,0,0,0,0,0,0,1,1,3059,2558440,2558440,835,0,835,0,835,835,835,835
266,760,747,713,745,836,760,721,716,721,722,0,0,0,0,0,0,1,1,3059,2536992,2536992,828,0,828,0,828,828,828,828
267,918,722,717,735,752,767,727,806,741,719,0,0,0,0,0,0,1,1,3063,2530864,2530864,826,0,826,0,826,826,826,826
268,700,732,725,703,712,720,706,711,708,711,0,0,0,0,0,0,1,1,3064,2500224,2500224,816,0,816,0,816,816,816,816
269,671,686,708,682,686,700,705,689,694,689,0,0,0,0,0,0,1,1,3061,2420560,2420560,790,0,790,0,790,790,790,790
270,845,677,674,671,681,704,701,695,681,677,0,0,0,0,0,0,1,1,3063,2380728,2380728,777,0,777,0,777,777,777,777
271,667,672,674,736,680,690,709,674,695,722,0,0,0,0,0,0,1,1,3058,2377664,2377664,776,0,776,0,776,776,776,776
272,702,668,673,684,672,687,702,682,698,684,0,0,0,0,0,0,1,1,3064,2368472,2368472,773,0,773,0,773,773,773,773
273,672,677,718,682,665,686,675,698,696,677,0,0,0,0,0,0,1,1,3062,2359280,2359280,770,0,770,0,770,770,770,770
274,661,669,673,669,685,687,671,671,672,677,0,0,0,0,0,0,1,1,3063,2353152,2353152,768,0,768,0,768,768,768,768
275,655,670,704,664,663,701,687,668,674,665,0,0,0,0,0,0,1,1,3040,2328640,2328640,760,0,760,0,760,760,760,760
276,648,654,656,665,706,664,712,668,679,694,0,0,0,0,0,0,1,1,3058,2301064,2301064,751,0,751,0,751,751,751,751
277,642,651,669,656,668,650,674,656,658,653,0,0,0,0,0,0,1,1,3063,2291872,2291872,748,0,748,0,748,748,748,748
278,658,680,677,654,644,648,646,641,644,651,0,0,0,0,0,0,1,1,3059,2264296,2264296,739,0,739,0,739,739,739,739
279,677,640,638,645,654,644,637,647,703,719,0,0,0,0,0,0,1,1,3063,2233656,2233656,729,0,729,0,729,729,729,729
280,635,668,635,673,635,635,646,659,649,668,0,0,0,0,0,0,1,1,3060,2212208,2212208,722,0,722,0,722,722,722,722
281,637,626,647,633,623,637,640,625,639,674,0,0,0,0,0,0,1,1,3056,2190760,2190760,715,0,715,0,715,715,715,715
282,618,635,617,615,652,640,618,623,613,614,0,0,0,0,0,0,1,1,3063,2163184,2163184,706,0,706,0,706,706,706,706
283,601,629,601,609,616,605,605,618,662,629,0,0,0,0,0,0,1,1,3051,2129480,2129480,695,0,695,0,695,695,695,695
284,603,605,634,609,672,690,626,607,601,605,0,0,0,0,0,0,1,1,3057,2120288,2120288,692,0,692,0,692,692,692,692
285,584,598,590,588,592,599,590,601,602,597,0,0,0,0,0,0,1,1,3057,2086584,2086584,681,0,681,0,681,681,681,681
286,599,590,582,602,610,587,599,607,594,590,0,0,0,0,0,0,1,1,3060,2059008,2059008,672,0,672,0,672,672,672,672
287,586,601,583,591,606,580,580,676,649,605,0,0,0,0,0,0,1,1,3064,2043688,2043688,667,0,667,0,667,667,667,667
288,579,603,586,605,582,578,586,583,570,578,0,0,0,0,0,0,1,1,3059,2006920,2006920,655,0,655,0,655,655,655,655
289,560,569,577,576,573,573,582,573,567,585,0,0,0,0,0,0,1,1,3041,1994664,1994664,651,0,651,0,651,651,651,651
290,566,564,595,573,580,587,606,573,579,579,0,0,0,0,0,0,1,1,3059,1988536,1988536,649,0,649,0,649,649,649,649
291,559,567,576,567,566,599,581,571,566,576,0,0,0,0,0,0,1,1,3064,1976280,1976280,645,0,645,0,645,645,645,645
292,548,537,550,558,542,543,543,752,578,562,0,0,0,0,0,0,1,1,3063,1893552,1893552,618,0,618,0,618,618,618,618
293,537,543,538,543,540,549,543,550,548,547,0,0,0,0,0,0,1,1,3060,1887424,1887424,616,0,616,0,616,616,616,616
294,568,539,547,554,545,535,572,561,533,529,0,0,0,0,0,0,1,1,3058,1862912,1862912,608,0,608,0,608,608,608,608
295,527,541,567,531,539,541,532,538,527,535,0,0,0,0,0,0,1,1,3058,1841464,1841464,601,0,601,0,601,601,601,601
296,513,517,506,520,521,582,522,517,519,539,0,0,0,0,0,0,1,1,3055,1792440,1792440,585,0,585,0,585,585,585,585
297,507,509,512,513,541,514,507,521,535,516,0,0,0,0,0,0,1,1,3052,1767928,1767928,577,0,577,0,577,577,577,577
298,504,507,524,540,510,510,525,502,505,503,0,0,0,0,0,0,1,1,3063,1746480,1746480,570,0,570,0,570,570,570,570
299,482,499,491,492,494,498,491,510,506,516,0,0,0,0,0,0,1,1,3063,1709712,1709712,558,0,558,0,558,558,558,558
300,603,495,505,487,515,511,498,492,492,513,0,0,0,0,0,0,1,1,3060,1703584,1703584,556,0,556,0,556,556,556,556
301,483,486,502,499,483,487,495,481,477,485,0,0,0,0,0,0,1,1,3064,1676008,1676008,547,0,547,0,547,547,547,547
302,481,482,490,489,489,491,503,486,481,487,0,0,0,0,0,0,1,1,3047,1672944,1672944,546,0,546,0,546,546,546,546
303,524,500,478,488,483,500,500,484,602,512,0,0,0,0,0,0,1,1,3060,1660688,1660688,542,0,542,0,542,542,542,542
304,490,473,472,477,471,483,488,500,488,514,0,0,0,0,0,0,1,1,3060,1648432,1648432,538,0,538,0,538,538,538,538
305,490,460,474,457,463,455,473,456,459,462,0,0,0,0,0,0,1,1,3055,1577960,1577960,515,0,515,0,515,515,515,515
306,532,460,453,464,465,482,478,477,462,462,0,0,0,0,0,0,1,1,3044,1571832,1571832,513,0,513,0,513,513,513,513
307,1024,573,512,478,484,484,475,518,494,475,0,0,0,0,0,0,1,1,3040,1568768,1568768,512,0,512,0,512,512,512,512
308,522,445,499,497,517,513,507,494,527,512,0,0,0,0,0,0,1,1,3059,1544256,1544256,504,0,504,0,504,504,504,504
309,514,440,434,431,439,429,431,443,473,560,0,0,0,0,0,0,1,1,3064,1489104,1489104,486,0,486,0,486,486,486,486
310,525,453,430,434,438,431,447,432,438,438,0,0,0,0,0,0,1,1,3059,1473784,1473784,481,0,481,0,481,481,481,481
311,549,459,462,466,473,475,470,460,446,449,0,0,0,0,0,0,1,1,3064,1443144,1443144,471,0,471,0,471,471,471,471
312,554,407,414,456,438,424,418,417,427,410,0,0,0,0,0,0,1,1,3051,1403312,1403312,458,0,458,0,458,458,458,458
313,535,446,460,427,432,405,403,432,454,438,0,0,0,0,0,0,1,1,3063,1391056,1391056,454,0,454,0,454,454,454,454
314,481,426,419,412,397,408,408,417,404,410,0,0,0,0,0,0,1,1,3063,1372672,1372672,448,0,448,0,448,448,448,448
315,482,402,387,386,393,386,399,393,438,405,0,0,0,0,0,0,1,1,3051,1332840,1332840,435,0,435,0,435,435,435,435
316,577,431,398,388,400,399,458,439,386,422,0,0,0,0,0,0,1,1,3054,1317520,1317520,430,0,430,0,430,430,430,430
317,461,396,399,415,408,395,400,400,388,386,0,0,0,0,0,0,1,1,3058,1311392,1311392,428,0,428,0,428,428,428,428
318,555,435,429,430,422,455,443,455,432,422,0,0,0,0,0,0,1,1,3064,1302200,1302200,425,0,425,0,425,425,425,425
319,488,415,428,383,421,389,398,414,420,422,0,0,0,0,0,0,1,1,3048,1262368,1262368,412,0,412,0,412,412,412,412
320,434,363,373,396,372,384,378,370,382,406,0,0,0,0,0,0,1,1,3034,1250112,1250112,408,0,408,0,408,408,408,408
321,453,385,365,366,369,364,369,365,373,374,0,0,0,0,0,0,1,1,3055,1247048,1247048,407,0,407,0,407,407,407,407
322,473,394,357,353,372,366,369,373,407,370,0,0,0,0,0,0,1,1,3028,1194960,1194960,390,0,390,0,390,390,390,390
323,424,362,348,347,384,353,356,360,358,366,0,0,0,0,0,0,1,1,3060,1191896,1191896,389,0,389,0,389,389,389,389
324,407,332,331,338,339,343,346,340,335,340,0,0,0,0,0,0,1,1,3032,1121424,1121424,366,0,366,0,366,366,366,366
325,410,426,332,323,339,315,319,321,326,341,0,0,0,0,0,0,1,1,3032,1072400,1072400,350,0,350,0,350,350,350,350
326,396,315,318,321,320,325,329,317,326,332,0,0,0,0,0,0,1,1,3064,1069336,1069336,349,0,349,0,349,349,349,349
327,390,318,319,320,321,321,320,321,312,331,0,0,0,0,0,0,1,1,3060,1057080,1057080,345,0,345,0,345,345,345,345
328,394,316,306,313,334,328,305,306,308,309,0,0,0,0,0,0,1,1,2971,1026440,1026440,335,0,335,0,335,335,335,335
329,383,300,303,304,302,298,294,296,307,312,0,0,0,0,0,0,1,1,3064,998864,998864,326,0,326,0,326,326,326,326
330,371,293,298,292,287,290,287,293,291,295,0,0,0,0,0,0,1,1,3063,971288,971288,317,0,317,0,317,317,317,317
331,358,290,291,282,287,291,295,301,292,293,0,0,0,0,0,0,1,1,3043,940648,940648,307,0,307,0,307,307,307,307
332,372,284,284,283,274,279,272,275,274,278,0,0,0,0,0,0,1,1,3000,913072,913072,298,0,298,0,298,298,298,298
333,349,283,289,272,271,268,269,273,283,291,0,0,0,0,0,0,1,1,3027,900816,900816,294,0,294,0,294,294,294,294
334,380,258,257,261,282,279,277,270,257,259,0,0,0,0,0,0,1,1,3056,848728,848728,277,0,277,0,277,277,277,277
335,329,274,250,245,250,247,249,252,246,249,0,0,0,0,0,0,1,1,3056,808896,808896,264,0,264,0,264,264,264,264
336,343,288,257,255,251,244,239,242,239,244,0,0,0,0,0,0,1,1,3054,793576,793576,259,0,259,0,259,259,259,259
337,340,298,245,253,250,252,247,243,243,242,0,0,0,0,0,0,1,1,3053,778256,778256,254,0,254,0,254,254,254,254
338,325,308,248,240,238,236,234,239,232,252,0,0,0,0,0,0,1,1,3032,769064,769064,251,0,251,0,251,251,251,251
339,297,316,232,228,235,228,230,233,231,226,0,0,0,0,0,0,1,1,3063,738424,738424,241,0,241,0,241,241,241,241
340,294,304,234,238,230,226,229,230,223,226,0,0,0,0,0,0,1,1,3047,729232,729232,238,0,238,0,238,238,238,238
341,286,304,225,230,230,222,223,218,228,225,0,0,0,0,0,0,1,1,2991,713912,713912,233,0,233,0,233,233,233,233
342,283,289,221,214,214,215,217,221,219,221,0,0,0,0,0,0,1,1,3053,689400,689400,225,0,225,0,225,225,225,225
343,268,293,212,214,222,258,218,221,229,212,0,0,0,0,0,0,1,1,3039,680208,680208,222,0,222,0,222,222,222,222
344,269,338,264,215,221,213,210,204,203,217,0,0,0,0,0,0,1,1,3032,643440,643440,210,0,210,0,210,210,210,210
345,269,299,213,209,206,199,195,203,196,196,0,0,0,0,0,0,1,1,3064,628120,628120,205,0,205,0,205,205,205,205
346,249,268,192,188,185,189,186,194,185,186,0,0,0,0,0,0,1,1,3038,582160,582160,190,0,190,0,190,190,190,190
347,251,264,188,198,202,184,188,182,187,181,0,0,0,0,0,0,1,1,3043,579096,579096,189,0,189,0,189,189,189,189
348,231,206,209,172,174,169,167,172,169,171,0,0,0,0,0,0,1,1,3036,523944,523944,171,0,171,0,171,171,171,171
349,225,189,233,172,179,170,177,167,167,164,0,0,0,0,0,0,1,1,3008,514752,514752,168,0,168,0,168,168,168,168
350,226,155,229,154,159,151,155,157,152,151,0,0,0,0,0,0,1,1,3056,462664,462664,151,0,151,0,151,151,151,151
351,207,159,223,146,149,145,142,145,146,146,0,0,0,0,0,0,1,1,3036,432024,432024,141,0,141,0,141,141,141,141
352,202,160,240,157,147,142,149,145,146,149,0,0,0,0,0,0,1,1,3046,428960,428960,140,0,140,0,140,140,140,140
353,189,166,202,147,145,143,141,143,145,147,0,0,0,0,0,0,1,1,3059,413640,413640,135,0,135,0,135,135,135,135
354,159,191,123,193,121,126,132,127,124,124,0,0,0,0,0,0,1,1,3019,352360,352360,115,0,115,0,115,115,115,115
355,156,188,126,197,120,120,120,123,123,123,0,0,0,0,0,0,1,1,3015,349296,349296,114,0,114,0,114,114,114,114
356,151,184,131,206,127,128,120,124,128,117,0,0,0,0,0,0,1,1,3034,340104,340104,111,0,111,0,111,111,111,111
357,149,182,116,145,155,113,112,110,111,113,0,0,0,0,0,0,1,1,2863,312528,312528,102,0,102,0,102,102,102,102
358,133,134,129,99,174,114,113,108,102,105,0,0,0,0,0,0,1,1,2960,272696,272696,89,0,89,0,89,89,89,89
359,122,95,164,97,90,174,95,92,92,95,0,0,0,0,0,0,1,1,2811,238992,238992,78,0,78,0,78,78,78,78
360,124,88,164,89,100,145,120,97,91,95,0,0,0,0,0,0,1,1,2963,226736,226736,74,0,74,0,74,74,74,74
361,98,101,95,125,77,78,116,122,80,81,0,0,0,0,0,0,1,1,2907,193032,193032,63,0,63,0,63,63,63,63
362,94,106,76,140,80,81,76,77,76,78,0,0,0,0,0,0,1,1,3031,174648,174648,57,0,57,0,57,57,57,57
363,87,111,81,116,95,73,76,79,74,80,0,0,0,0,0,0,1,1,2959,165456,165456,54,0,54,0,54,54,54,54
364,78,57,94,56,57,92,91,56,56,57,0,0,0,0,0,0,1,1,2940,113368,113368,37,0,37,0,37,37,37,37
365,79,69,89,55,55,81,98,55,57,58,0,0,0,0,0,0,1,1,2912,110304,110304,36,0,36,0,36,36,36,36
366,73,69,69,69,53,52,86,88,52,54,0,0,0,0,0,0,1,1,2980,98048,98048,32,0,32,0,32,32,32,32
367,52,65,46,52,78,49,47,51,56,85,0,0,0,0,0,0,1,1,3049,70472,70472,23,0,23,0,23,23,23,23
368,45,62,45,50,72,53,42,43,42,60,0,0,0,0,0,0,1,1,2708,67408,67408,22,0,22,0,22,22,22,22